key,english,swahili
"welcome","Welcome","Karibu"
"greeting","Hello, {{name}}!","Hujambo, {{name}}!"
"chooseMode.title","Welcome back","Karibu tena"
"chooseMode.subtitle","How do you want to continue today?","Je, ungependa kuendelea vipi leo?"
"chooseMode.employerTitle","Employer view","Mtazamo wa mwajiri"
"chooseMode.employerDesc","Manage your team, schedules & payroll","Dhibiti timu yako, ratiba na malipo"
"chooseMode.employeeTitle","Employee view","Mtazamo wa mfanyakazi"
"chooseMode.employeeDesc","Clock in, payslips, leave & tasks","Saa ndani, payslips, kuondoka na majukumu"
"chooseMode.footnote","Remembered until you sign out.","Inakumbukwa hadi uondoke kwenye akaunti."
"common.save","Save","Hifadhi"
"common.cancel","Cancel","Ghairi"
"common.close","Close","Funga"
"common.loading","Loading…","Inapakia..."
"common.yes","Yes","Ndiyo"
"common.no","No","Hapana"
"common.none","None","Hakuna"
"common.errorTitle","Error","Hitilafu"
"common.clear","Clear","Wazi"
"common.ok","OK","Sawa"
"common.notRecorded","Not recorded","Haijarekodiwa"
"common.successTitle","Success","Mafanikio"
"common.deletedTitle","Deleted","Imefutwa"
"common.confirmDeletionTitle","Confirm Deletion","Thibitisha Ufutaji"
"common.delete","Delete","Futa"
"common.unknown","Unknown","Haijulikani"
"common.invalid","Invalid","Batili"
"common.notAvailable","N/A","N/A"
"transfersScreen.pageTitle","Transfers","Uhamisho"
"transfersScreen.confirmDeleteBody","Delete this transfer?","Ungependa kufuta uhamishaji huu?"
"transfersScreen.toastTransferAdded","Transfer added.","Uhamisho umeongezwa."
"transfersScreen.toastTransferUpdated","Transfer updated.","Uhamisho umesasishwa."
"transfersScreen.statSent","SENT","IMETUMA"
"transfersScreen.statReceived","RECEIVED","IMEPOKEA"
"transfersScreen.statNet","NET","NET"
"transfersScreen.senderNamePlaceholder","Sender name","Jina la mtumaji"
"transfersScreen.recipientNamePlaceholder","Recipient name","Jina la mpokeaji"
"transfersScreen.vAmountRequired","Amount is required","Kiasi kinahitajika"
"transfersScreen.vAmountValid","Please enter a valid positive amount.","Tafadhali weka kiasi chanya halali."
"transfersScreen.vDateRequired","Date is required","Tarehe inahitajika"
"transfersScreen.vDateFormat","Please use YYYY-MM-DD format.","Tafadhali tumia umbizo la YYYY-MM-DD."
"transfersScreen.vSenderRequired","Sender name is required.","Jina la mtumaji linahitajika."
"transfersScreen.vRecipientRequired","Recipient name is required.","Jina la mpokeaji linahitajika."
"companyHome.overview","Overview","Muhtasari"
"companyHome.workforceLive","Workforce Live","Nguvu kazi Live"
"companyHome.viewAll","View all","Tazama yote"
"companyHome.attendanceTrend","7-day attendance","Mahudhurio ya siku 7"
"companyHome.uniqueStaff","staff/day","wafanyakazi/siku"
"companyHome.rosterShort","Roster","Orodha"
"companyHome.pendingShort","Pending","Inasubiri"
"companyHome.jobsShort","Jobs","Ajira"
"companyHome.hoursShort","Hours","Masaa"
"companyHome.statShifts","Shifts","Mabadiliko"
"companyHome.statShiftsSub","scheduled today","iliyopangwa leo"
"companyHome.statLeaves","Leave","Ondoka"
"companyHome.statLeavesSub","awaiting approval","inasubiri idhini"
"companyHome.statJobs","Jobs","Ajira"
"companyHome.statJobsSub","currently active","inatumika kwa sasa"
"companyHome.dailyUtilization","Daily Utilization","Matumizi ya Kila siku"
"companyHome.pendingLeaves","Pending Leaves","Majani Yanayosubiri"
"companyHome.activeJobs","Active Jobs","Ajira Amilifu"
"companyHome.employmentContracts","Employment contracts","Mikataba ya ajira"
"companyHome.hoursWorked","Hrs Worked","Hrs Ilifanya kazi"
"companyHome.activity","Activity","Shughuli"
"companyHome.seeAll","See all","Tazama zote"
"companyHome.noOneClockedIn","No one clocked in","Hakuna aliyeingia"
"companyHome.noShiftsToday","No shifts today","Hakuna zamu leo"
"companyHome.statusActive","ACTIVE","INAENDELEA"
"companyHome.filterAll","All","Wote"
"companyHome.filterLeaves","Leaves","Majani"
"companyHome.filterClockIns","Clock-Ins","Saa-Ins"
"companyHome.filterOvertime","Overtime","Saa za Ziada"
"companyHome.filterShifts","Shifts","Mabadiliko"
"companyHome.actionNewShift","New Shift","Shift Mpya"
"companyHome.actionHrDocs","HR Docs","Hati za HR"
"companyHome.actionReviewLeaves","Review Leaves","Kagua Majani"
"companyHome.actionActiveJobs","Active Jobs","Ajira Amilifu"
"companyHome.actionReports","Reports","Ripoti"
"companyHome.greetingMorning","Good Morning","Habari za Asubuhi"
"companyHome.greetingAfternoon","Good Afternoon","Mchana Mwema"
"companyHome.greetingEvening","Good Evening","Jioni Njema"
"companyHome.loadingDashboard","Loading Dashboard","Inapakia Dashibodi"
"companyHome.loadingDashboardHint","Fetching real-time workforce data and analytics...","Inaleta data na uchanganuzi wa wakati halisi..."
"companyHome.connectionError","Connection Error","Hitilafu ya Muunganisho"
"companyHome.tryAgain","Try Again","Jaribu Tena"
"companyHome.todaysRoster","Today's Roster","Orodha ya Leo"
"companyHome.employeesScheduled","{{count}} employees scheduled","{{count}} wafanyakazi wameratibiwa"
"companyHome.departmentBreakdown","Department Breakdown","Uchanganuzi wa Idara"
"companyHome.departmentsCount","{{count}} DEPTS","{{count}} DEPTS"
"companyHome.approvedLeavesSummary","{{approved}} approved · {{rejected}} rejected","{{approved}} imeidhinishwa · {{rejected}} imekataliwa"
"companyHome.thisYear","This year","Mwaka huu"
"companyHome.thisPeriodLower","This {{period}}","Hii {{period}}"
"companyHome.shiftEmployeeCount","{{shifts}} shift(s) · {{employees}} employee(s)","{{shifts}} zamu · {{employees}} mfanyakazi/wafanyakazi"
"yourRightsForm.pageTitle","New Report","Ripoti Mpya"
"yourRightsForm.stepEssentials","Essentials","Muhimu"
"yourRightsForm.stepTimeline","Timeline","Muda"
"yourRightsForm.stepResponse","Response","Jibu"
"yourRightsForm.stepFinalize","Finalize","Maliza"
"yourRightsForm.sectionDefineIssue","Define the Issue","Eleza tatizo"
"yourRightsForm.sectionOccurrence","Occurrence Details","Maelezo ya Matukio"
"yourRightsForm.sectionPreferences","Your Preferences","Mapendeleo yako"
"yourRightsForm.sectionFinalVerification","Final Verification","Uhakiki wa Mwisho"
"yourRightsForm.labelReportTitle","Report Title","Kichwa cha Ripoti"
"yourRightsForm.labelCategory","Category","Kitengo"
"yourRightsForm.labelDescription","Description","Maelezo"
"yourRightsForm.labelExpectedOutcome","Expected Outcome","Matokeo Yanayotarajiwa"
"yourRightsForm.labelDateOfIncident","Date of Incident","Tarehe ya Tukio"
"yourRightsForm.labelTimeOfIncident","Time of Incident","Muda wa Tukio"
"yourRightsForm.labelPreviousOccurrence","Has this occurred before?","Je, hii imetokea hapo awali?"
"yourRightsForm.labelPreviousDetails","Previous Details","Maelezo ya awali"
"yourRightsForm.labelUrgencyLevel","Urgency Level","Kiwango cha Dharura"
"yourRightsForm.labelPreferredContact","Preferred Contact Method","Mbinu ya Mawasiliano Inayopendekezwa"
"yourRightsForm.labelPreferredResolution","Preferred Resolution Method","Mbinu ya Azimio Inayopendekezwa"
"yourRightsForm.labelAttachments","Attachments (Optional)","Viambatisho (Sio lazima)"
"yourRightsForm.labelSpecifyIssue","Specify Issue","Bainisha Suala"
"yourRightsForm.placeholderReportTitle","e.g. Overtime Payment Error","k.m. Hitilafu ya Malipo ya Muda wa ziada"
"yourRightsForm.placeholderSelectCategory","Select a category","Chagua kategoria"
"yourRightsForm.placeholderSelectDate","Select date","Chagua tarehe"
"yourRightsForm.placeholderSelectTime","Select time","Chagua Muda"
"yourRightsForm.placeholderSelectMethod","Select method","Chagua mbinu"
"yourRightsForm.placeholderDescribeIssue","Describe your issue...","Eleza suala lako..."
"yourRightsForm.placeholderDetailedDescription","Detailed description...","Maelezo ya kina..."
"yourRightsForm.placeholderExpectedOutcome","Resolution you're hoping for...","Azimio unalotarajia..."
"yourRightsForm.placeholderPreviousDetails","Details of before...","Maelezo ya hapo awali..."
"yourRightsForm.categoryPayroll","Payroll Discrepancy","Tofauti ya Mishahara"
"yourRightsForm.categoryAttendance","Attendance Tracking Error","Hitilafu ya Kufuatilia Waliohudhuria"
"yourRightsForm.categoryExpense","Expense Entry Issue","Suala la Kuingia kwa Gharama"
"yourRightsForm.categoryPerformance","App Performance Problem","Tatizo la Utendaji wa Programu"
"yourRightsForm.categoryOther","Other (Specify Below)","Nyingine (Bainisha Hapo Chini)"
"yourRightsForm.urgencyLow","LOW","CHINI"
"yourRightsForm.urgencyMedium","MEDIUM","KATI"
"yourRightsForm.urgencyHigh","HIGH","JUU"
"yourRightsForm.contactEmail","Email","Barua pepe"
"yourRightsForm.contactPhone","Phone","Simu"
"yourRightsForm.contactInApp","In-App","Ndani ya Programu"
"yourRightsForm.contactPhoneCall","Phone Call","Simu"
"yourRightsForm.contactInAppNotification","In-App Notification","Arifa ya Ndani ya Programu"
"yourRightsForm.yes","YES","NDIYO"
"yourRightsForm.no","NO","HAPANA"
"yourRightsForm.uploadProof","Upload proof","Pakia uthibitisho"
"yourRightsForm.chooseFile","Choose File","Chagua Faili"
"yourRightsForm.agreeToTerms","I agree to the terms","Ninakubali masharti"
"yourRightsForm.infoIsAccurate","Info is accurate","Taarifa ni sahihi"
"yourRightsForm.routeToKontokazLabel","Send this to Kiruko instead of my employer","Tuma hii kwa Kiruko badala ya mwajiri wangu"
"yourRightsForm.routeToKontokazHelp","Kiruko's compliance team (independent lawyers) will handle this report. Your employer will not see it.","Timu ya kufuata ya Kiruko (mawakili wa kujitegemea) itashughulikia ripoti hii. Mwajiri wako hataiona."
"yourRightsForm.anonymousLabel","File anonymously","Faili bila kujulikana"
"yourRightsForm.anonymousHelp","Your employer will see the report's contents but not your name. Only available for reports sent to your employer — Kiruko reports are already private.","Mwajiri wako ataona yaliyomo kwenye ripoti lakini si jina lako. Inapatikana tu kwa ripoti zinazotumwa kwa mwajiri wako - ripoti za Kiruko tayari ni za faragha."
"yourRightsForm.anonymousDisclosure","Anonymous to your employer — Kiruko still sees your name. Kiruko lawyers are bound by professional confidentiality and will not share your identity with your employer.","Bila jina kwa mwajiri wako - Kiruko bado analiona jina lako. Wanasheria wa Kiruko wanafungwa na usiri wa kitaalamu na hawatashiriki utambulisho wako na mwajiri wako."
"yourRightsForm.pinPreviewWarning","After you submit, you'll see a one-time PIN that lets you return to this case from any device. Save it — we cannot recover it for you.","Baada ya kuwasilisha, utaona PIN ya mara moja inayokuruhusu kurudi kwenye kesi hii kutoka kwa kifaa chochote. Ihifadhi - hatuwezi kuirejesha kwa ajili yako."
"concernPin.pageTitle","Save your case access","Hifadhi ufikiaji wa kesi yako"
"concernPin.intro","Use this case ID and PIN to return to your concern from any device. We do not store the PIN — if you lose it, you cannot recover it.","Tumia Kitambulisho cha kesi hii na PIN ili kurudi kwenye hoja yako kutoka kwa kifaa chochote. Hatuhifadhi PIN — ukiipoteza, huwezi kuirejesha."
"concernPin.caseIdLabel","Case ID","Kitambulisho cha kesi"
"concernPin.pinLabel","PIN","PIN"
"concernPin.shareTitle","My concern access","Wasiwasi wangu ufikiaji"
"concernPin.shareSubject","Your Kiruko case access","Ufikiaji wa kesi yako ya Kiruko"
"concernPin.shareAction","Save / share","Hifadhi / shiriki"
"concernPin.copiedToast","Copied to clipboard","Imenakiliwa kwenye ubao wa kunakili"
"concernPin.shownOnceWarning","This PIN is shown ONCE. After this screen it is gone forever.","PIN hii inaonyeshwa MARA MOJA. Baada ya skrini hii imekwenda milele."
"concernPin.ackCheckbox","I have saved my case ID and PIN","Nimehifadhi kitambulisho cha kesi yangu na PIN"
"concernPin.continueAction","Continue","Endelea"
"concernPin.portalUrlLabel","Reporter portal","Portal ya mwandishi"
"concernThread.pageTitle","Report thread","Ripoti thread"
"concernThread.emptyTitle","No messages yet","Bado hakuna ujumbe"
"concernThread.emptyBody","When your handler responds, the conversation will appear here.","Wakati kidhibiti chako kinajibu, mazungumzo yataonekana hapa."
"concernThread.composerPlaceholder","Write a reply…","Andika jibu..."
"concernThread.sendAction","Send","Tuma"
"concernThread.sendingAction","Sending…","Inatuma..."
"concernThread.errorLoad","Could not load the conversation.","Haikuweza kupakia mazungumzo."
"concernThread.errorSend","Could not send your message. Try again.","Haikuweza kutuma ujumbe wako. Jaribu tena."
"concernThread.retryAction","Retry","Jaribu tena"
"concernThread.authorReporter","You","Wewe"
"concernThread.authorEmployer","Your employer","Mwajiri wako"
"concernThread.authorKontokaz","Kiruko Compliance","Kiruko Compliance"
"concernThread.authorSystem","System","Mfumo"
"concernHistory.destinationEmployer","Sent to your employer","Imetumwa kwa mwajiri wako"
"concernHistory.destinationKontokaz","Sent to Kiruko Compliance","Imetumwa kwa Uzingatiaji wa Kiruko"
"concernHistory.anonymousBadge","Anonymous","Asiyejulikana"
"concernHistory.viewThreadAction","View thread","Tazama thread"
"concernHistory.escalatedBadge","Auto-escalated to Kiruko","Imepandishwa kiotomatiki hadi Kiruko"
"concernHistory.attachmentBadgeClean","Attachment scanned · clean","Kiambatisho kimechanganuliwa · safi"
"concernHistory.attachmentBadgeSkipped","Scan skipped","Uchanganuzi umerukwa"
"concernHistory.attachmentBadgeRejected","Attachment rejected — re-upload required","Kiambatisho kimekataliwa - pakia upya inahitajika"
"concernHistory.attachmentBadgePending","Scan pending","Uchanganuzi unasubiri"
"concernHistory.evidenceLabel","Evidence attachment","Kiambatisho cha ushahidi"
"concernHistory.openAttachment","Open attachment","Fungua kiambatisho"
"companyTimeLogs.greetingMorning","Good Morning","Habari za Asubuhi"
"companyTimeLogs.greetingAfternoon","Good Afternoon","Mchana Mwema"
"companyTimeLogs.greetingEvening","Good Evening","Jioni Njema"
"companyTimeLogs.subtitle","Time Logs","Kumbukumbu za Wakati"
"companyTimeLogs.activeStaff","Active Staff","Wafanyakazi hai"
"companyTimeLogs.activeStaffSubtitle","Currently working","Hivi sasa inafanya kazi"
"companyTimeLogs.totalHours","Hours","Masaa"
"companyTimeLogs.totalHoursSubtitle","Total tracked time","Jumla ya muda uliofuatiliwa"
"companyTimeLogs.totalStaff","Total Staff","Jumla ya Wafanyakazi"
"companyTimeLogs.totalStaffSubtitle","Appearing in logs","Kuonekana kwenye magogo"
"companyTimeLogs.filterToday","Today","Leo"
"companyTimeLogs.filterYesterday","Yesterday","Jana"
"companyTimeLogs.filterThisWeek","This Week","Wiki hii"
"companyTimeLogs.filterLastWeek","Last Week","Wiki Iliyopita"
"companyTimeLogs.filterThisMonth","This Month","Mwezi huu"
"companyTimeLogs.filterAllTime","All Time","Wakati Wote"
"companyTimeLogs.statusAll","All Status","Hali Yote"
"companyTimeLogs.dateToday","Today","Leo"
"companyTimeLogs.dateYesterday","Yesterday","Jana"
"companyTimeLogs.noMatching","No matching logs found","Hakuna kumbukumbu zinazolingana zilizopatikana"
"companyTimeLogs.noMatchingBody","Try a different filter or search term.","Jaribu kichujio tofauti au neno la utafutaji."
"companyTimeLogs.noActivity","No activity recorded","Hakuna shughuli iliyorekodiwa"
"companyTimeLogs.noActivityBody","Employee check-ins and check-outs will appear here chronologically.","Kuingia na kuondoka kwa wafanyikazi kutaonekana hapa kwa kufuatana."
"companyTimeLogs.workSession","WORK SESSION","KIKAO CHA KAZI"
"companyTimeLogs.breakTaken","Break Taken","Kuvunja Kuchukuliwa"
"companyTimeLogs.timeLog","TIME LOG","NEMBO YA WAKATI"
"companyTimeLogs.sessionTimeline","SESSION TIMELINE","RATIBA YA KIKAO"
"companyTimeLogs.clockIn","CLOCK IN","Ingiza Saa"
"companyTimeLogs.clockOut","CLOCK OUT","SAA NJE"
"companyTimeLogs.currentlyActive","Currently Active","Inatumika Kwa Sasa"
"companyTimeLogs.totalBreakTime","Total Break Time","Jumla ya Muda wa Mapumziko"
"companyTimeLogs.locationLabel","LOCATION","MAHALI"
"companyTimeLogs.searchPlaceholder","Search employee or ID...","Tafuta mfanyakazi au kitambulisho..."
"companyLeaves.greetingMorning","Good Morning","Habari za Asubuhi"
"companyLeaves.greetingAfternoon","Good Afternoon","Mchana Mwema"
"companyLeaves.greetingEvening","Good Evening","Jioni Njema"
"companyLeaves.title","Leave Requests","Acha Maombi"
"companyLeaves.statTotal","Total","Jumla"
"companyLeaves.statTotalSubtitle","Requests Received","Maombi Yamepokelewa"
"companyLeaves.statPending","Pending","Inasubiri"
"companyLeaves.statPendingSubtitle","Needs Action","Inahitaji Hatua"
"companyLeaves.statApproved","Approved","Imeidhinishwa"
"companyLeaves.statApprovedSubtitle","Total Granted","Jumla Imekubaliwa"
"companyLeaves.filterAll","All","Wote"
"companyLeaves.filterPending","Pending","Inasubiri"
"companyLeaves.filterApproved","Approved","Imeidhinishwa"
"companyLeaves.filterRejected","Rejected","Imekataliwa"
"companyLeaves.loading","Retrieving leave requests...","Inarejesha maombi ya likizo..."
"companyLeaves.noMatches","No matches found","Hakuna zinazolingana zilizopatikana"
"companyLeaves.noLeaveRequests","No leave requests","Hakuna maombi ya likizo"
"companyLeaves.actionApprove","Approve","Idhinisha"
"companyLeaves.actionReject","Reject","Kataa"
"companyLeaves.processingApprove","Approving...","Inaidhinisha..."
"companyLeaves.processingReject","Rejecting...","Inakataa..."
"companyLeaves.modalKicker","Leave Request","Acha Ombi"
"companyLeaves.modalTitleApprove","Approve Request","Idhinisha Ombi"
"companyLeaves.modalTitleReject","Reject Request","Kataa Ombi"
"companyLeaves.processing","Processing...","Inachakata..."
"companyLeaves.approvedToast","Leave request approved successfully","Ombi la kuondoka limeidhinishwa"
"companyLeaves.rejectedToast","Leave request rejected successfully","Acha ombi limekataliwa"
"companyLeaves.processFailedBody","Failed to process leave approval. Please try again.","Imeshindwa kuchakata idhini ya likizo. Tafadhali jaribu tena."
"companyLeaves.searchPlaceholder","Search employee or reason...","Tafuta mfanyakazi au sababu..."
"companyLeaves.rejectReasonPlaceholder","Why is this request being rejected?","Kwa nini ombi hili linakataliwa?"
"companyLeaves.approvalNotesPlaceholder","Add any internal notes about this approval...","Ongeza madokezo yoyote ya ndani kuhusu idhini hii..."
"companyEmployees.statTotal","Total Staff","Jumla ya Wafanyakazi"
"companyEmployees.statTotalSubtitle","Active team members","Wanachama wa timu hai"
"companyEmployees.statManagers","Managers","Wasimamizi"
"companyEmployees.statManagersSubtitle","Leadership team","Timu ya uongozi"
"companyEmployees.statDepartments","Departments","Idara"
"companyEmployees.statDepartmentsSubtitle","Across organization","Katika shirika"
"companyEmployees.teamSettingsTitle","Team Settings","Mipangilio ya Timu"
"companyEmployees.teamSettingsBody","Configure team permissions and roles","Sanidi ruhusa na majukumu ya timu"
"companyEmployees.greetingMorning","Good Morning","Habari za Asubuhi"
"companyEmployees.greetingAfternoon","Good Afternoon","Mchana Mwema"
"companyEmployees.greetingEvening","Good Evening","Jioni Njema"
"companyEmployees.teamMembers","Team Members","Wajumbe wa Timu"
"companyEmployees.loadingTeam","Loading your team...","Inapakia timu yako..."
"companyEmployees.loadingEmployees","Loading employees...","Inapakia wafanyikazi..."
"companyEmployees.unableToLoad","Unable to load team members","Imeshindwa kupakia washiriki wa timu"
"companyEmployees.connectionError","Connection Error","Hitilafu ya Muunganisho"
"companyEmployees.tryAgain","Try Again","Jaribu Tena"
"companyEmployees.noResults","No results found","Hakuna matokeo yaliyopatikana"
"companyEmployees.noTeamMembers","No team members yet","Bado hakuna washiriki wa timu"
"companyEmployees.noResultsBody","We couldn't find any employees matching ""{{query}}""","Hatukuweza kupata mfanyakazi yeyote anayelingana na ""{{query}}"""
"companyEmployees.noTeamMembersBody","Active employees will appear here.","Wafanyakazi wanaofanya kazi wataonekana hapa."
"companyEmployees.goToSettings","Go to Settings","Nenda kwa Mipangilio"
"companyEmployees.searchPlaceholder","Search by name, email, or role...","Tafuta kwa jina, barua pepe au jukumu..."
"companySchedule.employeesForbidden","You don't have permission to view this company's employees.","Huna ruhusa ya kuwatazama wafanyakazi wa kampuni hii."
"companySchedule.employeesLoadFailed","Could not load employees. Tap to retry.","Haikuweza kupakia wafanyikazi. Gusa ili kujaribu tena."
"companySchedule.emptyDay","No schedules for this day","Hakuna ratiba za siku hii"
"companySchedule.titleEdit","Edit Schedule","Badilisha Ratiba"
"companySchedule.titleNew","New Schedule","Ratiba Mpya"
"companySchedule.fieldTitle","Title *","Kichwa *"
"companySchedule.fieldLocation","Location *","Mahali *"
"companySchedule.fieldStart","Start Time *","Wakati wa Kuanza *"
"companySchedule.fieldEnd","End Time *","Wakati wa Mwisho *"
"companySchedule.fieldNotes","Notes (optional)","Vidokezo (si lazima)"
"companySchedule.noEmployees","No employees found","Hakuna wafanyikazi waliopatikana"
"companySchedule.actionSave","Save Changes","Hifadhi Mabadiliko"
"companySchedule.actionCreate","Create Schedule","Tengeneza Ratiba"
"companySchedule.total","Total","Jumla"
"companySchedule.draft","Draft","Rasimu"
"companySchedule.pending","Pending","Inasubiri"
"companySchedule.started","Started","Imeanza"
"companySchedule.completed","Completed","Imekamilika"
"companySchedule.all","All","Wote"
"companySchedule.inProgress","In Progress","Inaendelea"
"companySchedule.startTask","Start Task","Anza Kazi"
"companySchedule.viewLabel","View","Tazama"
"companySchedule.employeeLabel","Employee","Mfanyakazi"
"companySchedule.everyone","Everyone","Kila mtu"
"companySchedule.loadingSchedules","Loading schedules…","Inapakia ratiba..."
"companySchedule.noTasks","No tasks","Hakuna majukumu"
"companySchedule.viewList","List View","Mwonekano wa Orodha"
"companySchedule.viewKanban","Kanban Board","Bodi ya Kanban"
"companySchedule.dateAllTime","All Time","Wakati Wote"
"companySchedule.dateToday","Today","Leo"
"companySchedule.dateThisWeek","This Week","Wiki hii"
"companySchedule.dateNextWeek","Next Week","Wiki Ijayo"
"companySchedule.sortDateAsc","Date (oldest first)","Tarehe (mzee kwanza)"
"companySchedule.sortDateDesc","Date (newest first)","Tarehe (mpya zaidi kwanza)"
"companySchedule.sortTitle","Title A–Z","Kichwa A–Z"
"companySchedule.sortStatus","By Status","Kwa Hali"
"companySchedule.clearAll","Clear all","Futa zote"
"companySchedule.placeholderTitle","e.g. Morning Shift","k.m. Asubuhi Shift"
"companySchedule.placeholderSearchAddress","Search address…","Tafuta anwani..."
"companySchedule.placeholderNotes","Any extra instructions...","Maagizo yoyote ya ziada ..."
"companySchedule.placeholderSearchName","Search by name...","Tafuta kwa jina..."
"companySchedule.placeholderSearchTitleLocation","Search by title or location…","Tafuta kwa kichwa au eneo..."
"companySchedule.alertPermissionDeniedTitle","Permission Denied","Ruhusa Imekataliwa"
"companySchedule.alertPermissionDeniedBody","Location permission is needed to use this feature.","Ruhusa ya eneo inahitajika ili kutumia kipengele hiki."
"companySchedule.alertLocationFetchFailed","Could not fetch your location.","Haikuweza kuleta eneo lako."
"companySchedule.alertValidationTitle","Validation","Uthibitishaji"
"companySchedule.valTitleRequired","Title is required.","Kichwa kinahitajika."
"companySchedule.valLocationRequired","Location is required.","Mahali panahitajika."
"companySchedule.valEmployeeRequired","At least one employee must be assigned.","Angalau mfanyakazi mmoja lazima apewe."
"companySchedule.valEndAfterStart","End time must be after start time.","Wakati wa mwisho lazima uwe baada ya muda wa kuanza."
"companySchedule.alertStatusUpdateFailed","Failed to update status.","Imeshindwa kusasisha hali."
"scheduleScreen.pageTitle","My Schedule","Ratiba Yangu"
"scheduleScreen.statTotal","TOTAL","JUMLA"
"scheduleScreen.statPending","PENDING","INASUBIRI"
"scheduleScreen.statInProgress","IN PROG","IN PROG"
"scheduleScreen.statCompleted","COMPLETED","IMEKAMILIKA"
"scheduleScreen.browseByDate","Browse by Date","Vinjari kwa Tarehe"
"scheduleScreen.tapToFilter","tap a day to filter","gusa siku ili kuchuja"
"scheduleScreen.itemsCount","{{count}} ITEMS","{{count}} VITU"
"scheduleScreen.filterAll","All Items","Vipengee Vyote"
"scheduleScreen.filterPending","Pending","Inasubiri"
"scheduleScreen.filterInProgress","In Progress","Inaendelea"
"scheduleScreen.filterDone","Done","Imekamilika"
"scheduleScreen.loading","Loading your schedule...","Inapakia ratiba yako..."
"scheduleScreen.emptyTitle","No tasks found","Hakuna kazi zilizopatikana"
"scheduleScreen.emptyBody","There are no tasks matching your current filter.","Hakuna kazi zinazolingana na kichujio chako cha sasa."
"scheduleScreen.toastUpdatedTitle","Task Updated","Kazi Imesasishwa"
"scheduleScreen.toastUpdatedBody","Status changed to {{status}}.","Hali imebadilishwa hadi {{status}}."
"scheduleScreen.toastUpdateFailedTitle","Update Failed","Usasishaji Umeshindwa"
"scheduleScreen.toastUpdateFailedBody","Could not save changes.","Haikuweza kuhifadhi mabadiliko."
"scheduleScreen.toastArchivedTitle","Task Archived","Jukumu Limehifadhiwa"
"scheduleScreen.toastArchivedBody","Completed tasks cannot be modified.","Kazi zilizokamilishwa haziwezi kubadilishwa."
"scheduleScreen.statusCompleted","Completed","Imekamilika"
"scheduleScreen.commentsPlaceholder","Add updates or comments here...","Ongeza masasisho au maoni hapa..."
"payslip.title","Payslip","Payslip"
"payslip.netPay","Net pay","Malipo halisi"
"payslip.netLabel","NET","NET"
"payslip.correctionBadge","Correction","Marekebisho"
"payslip.correctionToRun","Correction to Run #{{id}}","Marekebisho ya Kuendesha #{{id}}"
"payslip.adjustmentLabel","ADJUSTMENT","MAREKEBISHO"
"payslip.netAdjustment","Net adjustment","Marekebisho ya wavu"
"payslip.correctionBannerTitle","Correction to your {{period}} payslip","Marekebisho ya {{period}} payslip yako"
"payslip.correctionBannerBody","Amounts below show the change (+/−) from your original payslip, not the full month.","Kiasi kilicho hapa chini kinaonyesha mabadiliko (+/-) kutoka kwa hati yako ya malipo ya awali, si mwezi mzima."
"payslip.correctionReason","Reason","Sababu"
"payslip.downloadCorrection","Download correction note","Pakua dokezo la kusahihisha"
"payslip.gross","Gross","Jumla"
"payslip.taxableIncome","Taxable income","Mapato yanayotozwa ushuru"
"payslip.earnings","Earnings","Mapato"
"payslip.deductions","Deductions","Makato"
"payslip.otherDeductions","Other deductions","Makato mengine"
"payslip.otherAdjustments","Other adjustments","Marekebisho mengine"
"payslip.loanRepayments","Loan repayments","Marejesho ya mkopo"
"payslip.leaveImpact","Leave impact","Acha athari"
"payslip.statutoryEmployee","Statutory deductions (employee)","Makato ya kisheria (mfanyakazi)"
"payslip.statutoryEmployer","Employer contributions","Michango ya mwajiri"
"payslip.downloadPdf","Download PDF","Pakua PDF"
"payslip.vsPeriod","vs {{period}}","dhidi ya {{period}}"
"payslip.raiseQuery","Raise a query about this payslip","Uliza swali kuhusu payslip hii"
"payslip.raiseQueryHint","Something look wrong? Send a question to your employer.","Je! kuna kitu kibaya? Tuma swali kwa mwajiri wako."
"payslip.queryTitle","Query about my {{period}} payslip","Swali kuhusu {{period}} payslip yangu"
"payslip.queryDescription","I have a question about my payslip for {{period}} (run #{{run}}). Net pay: {{net}}, gross: {{gross}}.

My question: ","Nina swali kuhusu payslip yangu ya {{period}} (endesha #{{run}}). Malipo halisi: {{net}}, jumla: {{gross}}.
NL__Swali langu:"
"payslip.leaveBalanceTitle","Leave balance · {{year}}","Acha salio · {{year}}"
"payslip.leaveTakenOfEntitlement","{{taken}} of {{total}} days taken","{{taken}} kati ya siku {{total}} zimechukuliwa"
"payslip.leaveDaysLeft","{{days}} left","{{days}} imesalia"
"payslip.summary","Summary","Muhtasari"
"payslip.yearToDate","Net pay · {{year}}","Malipo halisi · {{year}}"
"payslip.acrossCount","Across {{count}} payslip{{plural}}","Katika {{count}} payslip{{plural}}"
"payslip.runIdLabel","Run #{{id}}","Endesha #{{id}}"
"payslip.loadingPayslips","Loading payslips…","Inapakia hati za malipo..."
"payslip.noPayslips","No payslips yet","Bado hakuna hati za malipo"
"payslip.noPayslipsHint","Your payslips will appear here once your employer finalizes a payroll run.","Hati zako za malipo zitaonekana hapa mara tu mwajiri wako atakapokamilisha malipo ya mishahara."
"payslip.couldNotLoad","Could not load payslips","Haikuweza kupakia hati za malipo"
"payslip.sharingNotAvailable","PDF sharing is not available on this device.","Kushiriki PDF hakupatikani kwenye kifaa hiki."
"payslip.couldNotOpenPdf","Could not open PDF.","Haikuweza kufungua PDF."
"payslip.brnLabel","BRN","BRN"
"payslip.payPeriodLabel","Pay period","Kipindi cha malipo"
"payslip.homeSiteLabel","Branch","Tawi"
"payslip.estimateTitle","This month's estimated payslip","Pesa inayokadiriwa ya mwezi huu"
"payslip.estimateSubtitle","Based on your clock-ins so far. Marked ESTIMATED — not for banks, tax, immigration, or legal use. Final pay may change.","Kulingana na saa zako za kuingia hadi sasa. Imetiwa alama kuwa ESTIMATED — si ya benki, kodi, uhamiaji au matumizi ya kisheria. Malipo ya mwisho yanaweza kubadilika."
"payslip.estimateDialogTitle","Estimated payslip","Hati ya malipo iliyokadiriwa"
"payslip.downloadEstimated","Download estimated payslip","Pakua kadirio la malipo"
"payslip.officialExists","An official payslip exists for this month — opening it instead.","Payslip rasmi ipo ya mwezi huu - fungua badala yake."
"payslip.estimatedNotAvailable","Estimated payslips are not yet available. Try again later.","Kadirio la hati za malipo bado hazipatikani. Jaribu tena baadaye."
"payslip.noClockinsForEstimate","No estimable pay yet this month — clock out of any open shifts to generate an estimate.","Bado hakuna malipo yanayokadiriwa mwezi huu - ondoa zamu yoyote wazi ili kutoa makadirio."
"payslip.noPayBasis","We can't estimate your pay yet because your salary or hourly rate hasn't been set up. Ask your employer to configure it.","Bado hatuwezi kukadiria malipo yako kwa sababu mshahara wako au kiwango cha saa moja hakijawekwa. Uliza mwajiri wako kuisanidi."
"payroll.overviewTitle","Payroll Overview","Muhtasari wa Mishahara"
"payroll.earningsTrackerTitle","Earnings Tracker — Live","Kifuatilia Mapato - Moja kwa Moja"
"payroll.totalMonthly","Total Monthly Payroll","Jumla ya Malipo ya Kila Mwezi"
"payroll.searchPlaceholder","Search by employee name or job title","Tafuta kwa jina la mfanyakazi au cheo cha kazi"
"payroll.noMatchingPositions","No matching positions","Hakuna nafasi zinazolingana"
"payroll.noPayrollData","No payroll data yet","Hakuna data ya malipo bado"
"payroll.noPayrollDataHint","Set up salaries to start tracking payroll for your team.","Weka mishahara ili uanze kufuatilia malipo ya timu yako."
"payroll.setupSalariesCta","Set up salaries","Weka mishahara"
"payroll.estimatedEarnings","Estimated earnings","Makadirio ya mapato"
"payroll.profileRevenue","Profile revenue","Mapato ya wasifu"
"payroll.profileRevenueHint","Total monthly compensation: base salary + allowances.","Jumla ya fidia ya kila mwezi: mshahara wa msingi + posho."
"payroll.totalEmployees","Total Employees","Jumla ya Wafanyakazi"
"payroll.managers","Managers","Wasimamizi"
"payroll.departments","Departments","Idara"
"payroll.statusOnTrack","On Track","Kwenye Wimbo"
"payroll.statusAtRisk","At Risk","Katika Hatari"
"payroll.statusCritical","Critical","Muhimu"
"payroll.monthlySalary","Monthly Salary","Mshahara wa Mwezi"
"payroll.monthlyHours","Monthly Hours","Saa za Kila Mwezi"
"payroll.daysPerMonth","Days per Month","Siku kwa Mwezi"
"payroll.hourlyRate","Hourly Rate","Kiwango cha Saa"
"payroll.noEmployeesFound","No employees found.","Hakuna wafanyikazi waliopatikana."
"payroll.searchEmployeePosition","Search employee or position...","Tafuta mfanyakazi au nafasi..."
"payroll.toastFetchLogsFailedBody","Could not fetch time logs.","Haikuweza kuleta kumbukumbu za saa."
"payroll.toastNoDataTitle","No Data","Hakuna Data"
"payroll.toastNoDataBody","There is no data to export.","Hakuna data ya kusafirisha."
"payroll.toastExportFailedTitle","Export Failed","Imeshindwa Kutuma"
"payroll.toastExportFailedBody","Could not save or share the CSV file.","Haikuweza kuhifadhi au kushiriki faili ya CSV."
"payroll.unlockDashboard","Unlock Dashboard","Fungua Dashibodi"
"payroll.guide.title","How payroll works","Jinsi mishahara inavyofanya kazi"
"payroll.guide.step1Title","Components","Vipengele"
"payroll.guide.step1Body","Atomic earnings and deductions (BASIC, TRANSPORT, NPS). These are the building blocks.","Mapato na makato ya atomiki (BASIC, TRANSPORT, NPS). Hizi ni vitalu vya ujenzi."
"payroll.guide.step2Title","Structures","Miundo"
"payroll.guide.step2Body","Bundle components into reusable templates per department or role.","Unganisha vipengele katika violezo vinavyoweza kutumika tena kwa kila idara au jukumu."
"payroll.guide.step3Title","Assignments","Kazi"
"payroll.guide.step3Body","Assign a structure to each employee, with optional per-component overrides.","Kabidhi muundo kwa kila mfanyakazi, na kubatilisha kwa hiari kwa kila kipengele."
"payroll.guide.step4Title","Run payroll","Endesha mishahara"
"payroll.guide.step4Body","Create a monthly draft, review payslips, finalize with OTP. PDFs and statutory splits are produced automatically.","Unda rasimu ya kila mwezi, kagua hati za malipo, kamilisha kwa OTP. PDF na migawanyiko ya kisheria hutolewa kiotomatiki."
"payroll.guide.next","Next","Inayofuata"
"payroll.guide.back","Back","Nyuma"
"payroll.guide.done","Got it","Nimeipata"
"payroll.guide.skip","Skip","Ruka"
"payroll.guide.showAgain","Show guide again","Onyesha mwongozo tena"
"payroll.guide.glossaryTitle","Glossary","Faharasa"
"payroll.guide.glossary.payrollRun","Payroll Run — the monthly draft → finalize cycle that produces payslips.","Uendeshaji wa Mishahara - rasimu ya kila mwezi → kukamilisha mzunguko unaozalisha hati za malipo."
"payroll.guide.glossary.payslip","Payslip — a single employee's pay statement for one period.","Payslip - taarifa ya malipo ya mfanyakazi mmoja kwa kipindi kimoja."
"payroll.guide.glossary.component","Component — an atomic earning or deduction (e.g. BASIC, TRANSPORT).","Kijenzi - mapato au makato ya atomiki (k.m. BASIC, TRANSPORT)."
"payroll.guide.glossary.structure","Structure — a bundle of components used as a template.","Muundo - kifungu cha vipengele vinavyotumika kama kiolezo."
"payroll.guide.glossary.assignment","Assignment — links one employee to one structure with effective dates.","Kazi - inaunganisha mfanyakazi mmoja kwa muundo mmoja na tarehe zinazofaa."
"payroll.guide.glossary.statutoryDeduction","Statutory Deduction — a legally required deduction (e.g. NPS, NSF, CSG).","Makato ya Kisheria - makato yanayohitajika kisheria (k.m. NPS, NSF, CSG)."
"payroll.guide.glossary.paye","PAYE — Pay-As-You-Earn income tax, computed from progressive bands.","PAYE — Lipa-As-You-Earn Kodi ya mapato, inayokokotwa kutoka kwa bendi zinazoendelea."
"payroll.guide.glossary.oneOffAllowance","One-off Allowance — an ad-hoc payment scheduled for a single month.","Posho ya mara moja - malipo ya dharula yaliyoratibiwa kwa mwezi mmoja."
"payroll.guide.glossary.stepUpToken","Step-up Token — a short-lived OTP-backed token required for finalize.","Tokeni ya Kuongeza kasi — tokeni ya muda mfupi inayoungwa mkono na OTP inahitajika ili kukamilishwa."
"leaveScreen.title","Leave Request","Acha Ombi"
"leaveScreen.newRequest","New Request","Ombi Jipya"
"leaveScreen.myRequests","My Requests","Maombi Yangu"
"leaveScreen.balances","Your Balances · {{year}}","Salio Lako · {{year}}"
"leaveScreen.noQuotaSet","No quota set","Hakuna mgao uliowekwa"
"leaveScreen.used","{{count}} used","{{count}} imetumika"
"leaveScreen.daysLabel","/ {{total}} days","/ siku {{total}}"
"leaveScreen.leaveType","Leave Type","Acha Aina"
"leaveScreen.notes","Notes (Optional)","Vidokezo (Si lazima)"
"leaveScreen.notesPlaceholder","Reason for leave…","Sababu ya kuondoka…"
"leaveScreen.quickSelect","Quick Select","Chagua Haraka"
"leaveScreen.today","Today","Leo"
"leaveScreen.thisWeek","This Week","Wiki hii"
"leaveScreen.nextWeek","Next Week","Wiki Ijayo"
"leaveScreen.thisMonth","This Month","Mwezi huu"
"leaveScreen.submit","Submit","Wasilisha"
"leaveScreen.submitting","Submitting…","Inawasilisha..."
"leaveScreen.noRequests","No requests yet","Bado hakuna maombi"
"leaveScreen.noRequestsHint","Submit your first leave request using the New Request tab.","Wasilisha ombi lako la kwanza la likizo ukitumia kichupo cha Ombi Jipya."
"leaveScreen.statutoryBadge","STAT","STAT"
"leaveScreen.daysSelected","{{count}} day{{plural}} selected","{{count}} siku{{plural}} imechaguliwa"
"leaveScreen.oneDay","1 day","siku 1"
"leaveScreen.leaveSuffix"," Leave","Ondoka"
"leaveScreen.alertNoDatesTitle","No dates selected","Hakuna tarehe zilizochaguliwa"
"leaveScreen.alertNoDatesBody","Please select at least one day.","Tafadhali chagua angalau siku moja."
"leaveScreen.toastSubmittedTitle","Submitted","Imewasilishwa"
"leaveScreen.toastSubmittedBody","{{count}} leave request{{plural}} submitted successfully.","{{count}} ombi la kuondoka{{plural}} limewasilishwa."
"leaveScreen.toastSomeFailed","Some requests failed to submit. Please try again.","Baadhi ya maombi yameshindwa kuwasilishwa. Tafadhali jaribu tena."
"leaveScreen.alertCancelTitle","Cancel Request","Ghairi Ombi"
"leaveScreen.alertCancelBody","Are you sure you want to cancel this leave request?","Je, una uhakika unataka kughairi ombi hili la likizo?"
"leaveScreen.alertCancelConfirm","Yes, Cancel","Ndiyo, Ghairi"
"leaveScreen.statusPending","pending","inasubiri"
"leaveScreen.statusApproved","approved","kupitishwa"
"leaveScreen.statusRejected","rejected","kukataliwa"
"leaveScreen.loadingTypes","Loading leave types…","Inapakia aina za likizo..."
"leaveScreen.from","FROM","KUTOKA"
"leaveScreen.to","TO","KWA"
"leaveScreen.daysShort","{{count}}d","{{count}}d"
"profile.lockedBanner","Profile locked","Wasifu umefungwa"
"profile.lockedDescription","Your identity details (name, date of birth, passport, gender) are read-only. Contact HR to request changes.","Maelezo yako ya utambulisho (jina, tarehe ya kuzaliwa, pasipoti, jinsia) ni ya kusoma tu. Wasiliana na HR ili uombe mabadiliko."
"profile.lockedReason","Reason: {{reason}}","Sababu: {{reason}}"
"profile.lockedHint","Locked — contact HR","Imefungwa - wasiliana na HR"
"profile.stepPersonal","Personal","Binafsi"
"profile.stepSchedule","Schedule","Ratiba"
"profile.stepEmployer","Employer","Mwajiri"
"profile.stepLegal","Legal","Kisheria"
"profile.sectionPersonalDetails","Personal Details","Maelezo ya Kibinafsi"
"profile.sectionWorkingHours","Working Hours","Saa za Kazi"
"profile.sectionWeeklySchedule","Weekly Schedule (Hours per day)","Ratiba ya Wiki (Saa kwa siku)"
"profile.sectionAutoClock","Clock-In/Out Reminders","Vikumbusho vya Kuingia/Kutoka"
"profile.sectionEmployerJob","Employer & Job","Mwajiri na Kazi"
"profile.sectionLegalCompensation","Legal & Compensation","Kisheria na malipo"
"profile.messageFromEmployer","Message from Employer","Ujumbe kutoka kwa Mwajiri"
"profile.yesCovered","Yes, covered","Ndiyo, imefunikwa"
"profile.reasonsForDeduction","Reasons for deduction:","Sababu za kupunguzwa:"
"profile.permitOccupational","Occupational","Kikazi"
"profile.permitWork","Work","Kazi"
"profile.permitNone","None","Hakuna"
"profile.deductionFood","Food","Chakula"
"profile.deductionLodging","Lodging","Malazi"
"profile.deductionTransport","Transport","Usafiri"
"profile.deductionUniform","Uniform","Sare"
"profile.labelGender","Gender","Jinsia"
"profile.labelDateOfBirth","Date of Birth","Tarehe ya Kuzaliwa"
"profile.labelPassportOrId","Passport / ID Number","Pasipoti / Nambari ya Kitambulisho"
"profile.labelEmploymentStartDate","Employment Start Date","Tarehe ya Kuanza Kazi"
"profile.labelEmployerName","Employer Name","Jina la Mwajiri"
"profile.labelEmployerBrn","Employer BRN","Namba ya Usajili ya Mwajiri (BRN)"
"profile.labelJobTitle","Job Title","Cheo cha Kazi"
"profile.labelEmployerEmail","Employer Email","Barua pepe ya Mwajiri"
"profile.labelEmployerPhone","Employer Phone","Simu ya Mwajiri"
"profile.labelWorkAddress","Work Address","Anwani ya Kazini"
"profile.labelContract","Contract?","Mkataba?"
"profile.labelPermit","Permit?","Ruhusa?"
"profile.labelPermitType","Permit Type","Aina ya Ruhusa"
"profile.labelTouristVisa","Working on Tourist Visa?","Je, unafanya kazi kwenye Visa ya Watalii?"
"profile.labelMonthlySalary","Monthly Salary ({{currency}})","Mshahara wa Kila Mwezi ({{currency}})"
"profile.labelMonthlyAllowance","Monthly Allowance ({{currency}})","Posho ya Kila Mwezi ({{currency}})"
"profile.labelMonthlyRevenue","Monthly Revenue ({{currency}})","Mapato ya Kila Mwezi ({{currency}})"
"profile.labelHoursPerMonth","Hours / Month","Saa / Mwezi"
"profile.labelDaysPerMonth","Days / Month","Siku / Mwezi"
"profile.labelBreakMinutes","Break (Mins / Day)","Mapumziko (Dakika / Siku)"
"profile.labelSalaryDeductions","Salary Deductions?","Makato ya Mishahara?"
"profile.labelAccommodationCovered","Accommodation Covered?","Malazi Yamefunikwa?"
"profile.labelPassportHeld","Passport held by employer?","Pasipoti inashikiliwa na mwajiri? (ndio/hapana)"
"profile.labelJobMatchesPromise","Job same as promised?","Kazi ni sawa na ahadi?"
"profile.labelDoubtsCompensation","Doubts about compensation?","Mashaka juu ya fidia?"
"profile.placeholderEnterNumber","Enter number","Weka nambari"
"profile.placeholderHours","Hours","Masaa"
"profile.placeholderCompanyName","Company Name","Jina la Kampuni"
"profile.placeholderBrn","Business Registration Number","Nambari ya Usajili wa Biashara"
"profile.placeholderJobTitle","e.g. Driver","k.m. Dereva"
"profile.placeholderPhoneNumber","Phone number","Nambari ya simu"
"profile.placeholderFullAddress","Full address","Anwani kamili"
"profile.placeholderPermitType","Select permit type…","Chagua aina ya kibali..."
"profile.placeholderSalary","e.g. 25000","k.m. 25000"
"profile.placeholderAutoCalculated","Auto-calculated from salary + allowance","Imekokotwa kiotomatiki kutoka kwa mshahara + posho"
"profile.placeholderHoursMonth","e.g. 160","k.m. 160"
"profile.placeholderDaysMonth","e.g. 26","k.m. 26"
"profile.placeholderBreakMins","e.g. 60","k.m. 60"
"settings.title","Settings","mipangilio"
"settings.sectionAccount","Account & Profile","Akaunti na Wasifu"
"settings.sectionPreferences","Preferences","Mapendeleo"
"settings.sectionSupport","Support","Msaada"
"settings.myProfile","My Profile","Wasifu Wangu"
"settings.myProfileSubtitle","View and edit your work profile","Tazama na uhariri wasifu wako wa kazini"
"settings.displayCurrency","Display Currency","Onyesho la Sarafu"
"settings.displayCurrencySubtitle","Currently set to {{name}}","Kwa sasa imewekwa kuwa {{name}}"
"settings.baseCurrency","Base Currency","Sarafu ya Msingi"
"settings.baseCurrencySubtitle","Data stored in {{name}}","Data iliyohifadhiwa katika {{name}}"
"settings.notifications","Notifications","Arifa"
"settings.notificationsSubtitle","Manage alerts and reminders","Dhibiti arifa na vikumbusho"
"settings.expenses","Expenses","Matumizi"
"settings.expensesSubtitle","Track your spending history","Fuatilia historia yako ya matumizi"
"settings.transfers","Transfers","Uhamisho"
"settings.transfersSubtitle","Track money sent & received","Fuatilia pesa zilizotumwa na kupokewa"
"settings.documentVault","Document Vault","Hazina ya Hati"
"settings.documentVaultSubtitle","Passport, permit & important docs","Pasipoti, kibali na hati muhimu"
"settings.yourRights","Make a Report","Toa Ripoti"
"settings.yourRightsSubtitle","Report a workplace issue","Ripoti suala la mahali pa kazi"
"settings.payslips","Payslips","Payslips"
"settings.payslipsSubtitle","View and download your payslips","Tazama na upakue payslips zako"
"settings.contactUs","Contact Us","Wasiliana Nasi"
"settings.contactUsSubtitle","Get help and technical support","Pata usaidizi na usaidizi wa kiufundi"
"settings.privacyPolicy","Privacy Policy","Sera ya Faragha"
"settings.privacyPolicySubtitle","How we collect and handle your data","Jinsi tunavyokusanya na kushughulikia data yako"
"settings.termsOfService","Terms of Service","Masharti ya Huduma"
"settings.termsOfServiceSubtitle","The rules for using Kiruko","Sheria za kutumia Kiruko"
"settings.language","Language","Lugha"
"settings.languageSubtitle","Currently set to {{name}}","Kwa sasa imewekwa kuwa {{name}}"
"settings.languageModalTitle","Language","Lugha"
"settings.languageModalSubtitle","The app interface will switch immediately","Kiolesura cha programu kitabadilika mara moja"
"settings.logout","Sign Out","Ondoka"
"settings.logoutSubtitle","Securely sign out of your account","Ondoka kwenye akaunti yako kwa usalama"
"settings.loggingOut","Signing out…","Inatoka..."
"settings.logoutFailed","Logout failed. Please try again.","Imeshindwa kuondoka. Tafadhali jaribu tena."
"settings.deleteAccount","Delete Account","Futa Akaunti"
"settings.deleteAccountSubtitle","Permanently delete your account & personal data","Futa kabisa akaunti yako na data ya kibinafsi"
"settings.deleteAccountTitle","Delete your account?","Ungependa kufuta akaunti yako?"
"settings.deleteAccountWarning","This permanently deletes your Kiruko account and removes your personal data. Payroll and employment records your employer must keep by law are retained. This can't be undone.","Hii itafuta kabisa akaunti yako ya Kiruko na kuondoa data yako ya kibinafsi. Rekodi za malipo na kazi ambazo mwajiri wako lazima azitunze na sheria huhifadhiwa. Hili haliwezi kutenduliwa."
"settings.deleteAccountContinue","Continue","Endelea"
"settings.deleteAccountFinalTitle","This can't be undone","Hili haliwezi kutenduliwa"
"settings.deleteAccountFinalWarning","Your account will be deleted and you'll be signed out immediately.","Akaunti yako itafutwa na utaondolewa mara moja."
"settings.deleteAccountConfirm","Delete account","Futa akaunti"
"settings.deleteAccountCancel","Cancel","Ghairi"
"settings.deleteAccountFailedTitle","Couldn't delete account","Haikuweza kufuta akaunti"
"settings.deleteAccountFailed","Please try again, or contact hello@kiruko.mu.","Tafadhali jaribu tena, au wasiliana na hello@kiruko.mu."
"settings.rightsReserved","© 2026 Kiruko. All rights reserved.","© 2026 Kiruko. Haki zote zimehifadhiwa."
"settings.displayCurrencyModalTitle","Display Currency","Onyesho la Sarafu"
"settings.displayCurrencyModalSubtitle","Shown amounts will use this currency","Kiasi kilichoonyeshwa kitatumia sarafu hii"
"settings.baseCurrencyModalTitle","Base Currency","Sarafu ya Msingi"
"settings.baseCurrencyModalSubtitle","The currency your data is stored in","Sarafu ambayo data yako imehifadhiwa"
"settings.country","Country","Nchi"
"settings.countrySubtitle","Currently set to {{name}}","Kwa sasa imewekwa kuwa {{name}}"
"settings.countryModalTitle","Country","Nchi"
"settings.countryModalSubtitle","Used to show your correct country on reports","Inatumika kuonyesha nchi yako sahihi kwenye ripoti"
"settings.countryUpdateFailed","Couldn't update your country. Please try again.","Haikuweza kusasisha nchi yako. Tafadhali jaribu tena."
"settings.confirmNonMURTitle","Change currency to {{currency}}?","Je, ungependa kubadilisha sarafu iwe {{currency}}?"
"settings.confirmNonMURBody","{{name}} uses {{currency}}, not MUR. Your displayed pay and stored amounts will switch to {{currency}}. Continue?","{{name}} hutumia {{currency}}, sio MUR. Malipo yako na kiasi kilichohifadhiwa kitabadilika hadi {{currency}}. Ungependa kuendelea?"
"settings.confirmContinue","Continue","Endelea"
"companySettings.headerTitle","Organization Settings","Mipangilio ya Shirika"
"companySettings.companyProfile","Company Profile","Wasifu wa Kampuni"
"companySettings.companyProfileDesc","Edit company info & details","Badilisha maelezo na maelezo ya kampuni"
"companySettings.employees","Employees","Wafanyakazi"
"companySettings.employeesDesc","Manage your team members","Dhibiti washiriki wa timu yako"
"companySettings.documents","Employee Documents","Nyaraka za Wafanyikazi"
"companySettings.documentsDesc","View and manage documents","Tazama na udhibiti hati"
"companySettings.leaves","Leaves","Majani"
"companySettings.leavesDesc","Review leave requests","Kagua maombi ya likizo"
"companySettings.notifications","Notifications","Arifa"
"companySettings.notificationsDesc","Configure alerts","Sanidi arifa"
"companySettings.contactUs","Contact Us","Wasiliana Nasi"
"companySettings.contactUsDesc","Get support","Pata usaidizi"
"companySettings.logout","Logout","Ondoka"
"companySettings.logoutDesc","Sign out securely","Ondoka kwa usalama"
"companySettings.language","Language","Lugha"
"companySettings.languageDesc","Change the app language","Badilisha lugha ya programu"
"companySettings.geofencing","Geofencing","Geofencing"
"companySettings.geofencingDesc","Clock-in perimeters and branch sites","Mizunguko ya saa na maeneo ya matawi"
"companySettings.rightsReserved","© 2026 Kiruko. All rights reserved.","© 2026 Kiruko. Haki zote zimehifadhiwa."
"geofencing.title","Geofencing","Geofencing"
"geofencing.subtitle","Clock-in perimeters around your sites. An employee assigned to a branch can only clock in there.","Vipimo vya saa ndani kuzunguka tovuti zako. Mfanyikazi aliyepewa tawi anaweza tu kuingia ndani."
"geofencing.defaultMode","Company default mode","Hali chaguo-msingi ya kampuni"
"geofencing.modeOff","Off — record, never enforce","Imezimwa - rekodi, usiwahi kutekeleza"
"geofencing.modeBlock","Block — reject punches outside","Zuia - kataa ngumi nje"
"geofencing.modeFlag","Flag — allow but mark for review","Bendera - ruhusu lakini weka alama kwa ukaguzi"
"geofencing.sites","Sites","Maeneo"
"geofencing.noSites","No sites yet. Add one per branch or office.","Bado hakuna tovuti. Ongeza moja kwa kila tawi au ofisi."
"geofencing.addSite","Add a site","Ongeza tovuti"
"geofencing.editSite","Edit site","Hariri tovuti"
"geofencing.siteName","Site name","Jina la tovuti"
"geofencing.siteNamePlaceholder","e.g. Port Louis HQ","k.m. Makao Makuu ya Port Louis"
"geofencing.address","Address","Anwani"
"geofencing.searchAddress","Search an address","Tafuta anwani"
"geofencing.searching","Searching…","Inatafuta..."
"geofencing.searchUnavailable","Search is unavailable — use your current location or enter coordinates.","Utafutaji haupatikani - tumia eneo lako la sasa au ingiza viwianishi."
"geofencing.useMyLocation","Use my location","Tumia eneo langu"
"geofencing.locating","Locating…","Inatafuta..."
"geofencing.radiusMeters","Radius (meters)","Radius (mita)"
"geofencing.mode","Mode","Hali"
"geofencing.active","Active","Inayotumika"
"geofencing.save","Save","Hifadhi"
"geofencing.saving","Saving…","Inahifadhi..."
"geofencing.cancel","Cancel","Ghairi"
"geofencing.delete","Delete","Futa"
"geofencing.deleteConfirmTitle","Delete site","Futa tovuti"
"geofencing.deleteConfirmMessage","Delete “{{name}}”? Assigned employees will be unassigned. Historical payslips keep the name.","Ungependa kufuta “{{name}}”? Wafanyikazi waliokabidhiwa hawatatumwa. Hati za malipo za kihistoria huhifadhi jina."
"geofencing.employeesAssigned","{{count}} employee(s) assigned","{{count}} mfanyakazi/watumishi waliogawiwa"
"geofencing.emptyLatLng","Pick a location first (use my location or search an address).","Chagua eneo kwanza (tumia eneo langu au utafute anwani)."
"geofencing.created","Site added.","Tovuti imeongezwa."
"geofencing.updated","Site updated.","Tovuti imesasishwa."
"geofencing.deleted","Site deleted.","Tovuti imefutwa."
"geofencing.failed","Something went wrong. Try again.","Hitilafu fulani imetokea. Jaribu tena."
"geofencing.employees","employees","wafanyakazi"
"idleLock.promptMessage","Unlock Kiruko","Fungua Kiruko"
"idleLock.fallbackLabel","Use Passcode","Tumia Nambari ya siri"
"idleLock.authFailed","Authentication failed. Try again.","Uthibitishaji umeshindwa. Jaribu tena."
"idleLock.sessionLocked","Session Locked","Kikao Kimefungwa"
"idleLock.subtitleWithName","Hi {{name}}, your session was locked due to inactivity.","Hujambo {{name}}, kipindi chako kilifungwa kwa sababu ya kutokuwa na shughuli."
"idleLock.subtitleNoName","Your session was locked due to inactivity.","Kipindi chako kimefungwa kwa sababu ya kutokuwa na shughuli."
"idleLock.unlockFaceId","Unlock with Face ID","Fungua kwa kutumia Kitambulisho cha Uso"
"idleLock.unlockFingerprint","Unlock with Fingerprint","Fungua kwa Alama ya Kidole"
"idleLock.unlockPasscode","Unlock with Passcode","Fungua kwa nambari ya siri"
"idleLock.signOutInstead","Sign out instead","Ondoka badala yake"
"profileErrorBoundary.title","Profile Setup Required","Usanidi wa Wasifu Unahitajika"
"profileErrorBoundary.body","This feature requires a complete profile. Please complete your profile setup to continue.","Kipengele hiki kinahitaji wasifu kamili. Tafadhali kamilisha usanidi wako ili kuendelea."
"profileErrorBoundary.completeBtn","Complete Profile Setup","Kamilisha Kuweka Wasifu"
"profileErrorBoundary.retryBtn","Try Again","Jaribu Tena"
"notFound.title","Oops!","Lo!"
"notFound.doesNotExist","This screen doesn't exist.","Skrini hii haipo."
"notFound.goHome","Go to home screen!","Nenda kwenye skrini ya nyumbani!"
"profileValidator.oneMoment","One moment","Dakika moja"
"profileValidator.verifyingSession","Verifying your session...","Inathibitisha kipindi chako..."
"profileValidator.checkingProfile","Checking profile status...","Inakagua hali ya wasifu..."
"profileValidator.titleAccessRestricted","Access Restricted","Ufikiaji Umezuiwa"
"profileValidator.titleUserNotFound","User Not Found","Mtumiaji Hajapatikana"
"profileValidator.titleSetupRequired","Setup Required","Usanidi Unahitajika"
"profileValidator.descAuthRequired","Please log in to verify your identity and access your personal dashboard.","Tafadhali ingia ili kuthibitisha utambulisho wako na kufikia dashibodi yako ya kibinafsi."
"profileValidator.descUserNotFound","We couldn't find your user details. Try signing in again.","Hatukuweza kupata maelezo yako ya mtumiaji. Jaribu kuingia tena."
"profileValidator.descSetupRequired","Your profile needs a few more details before we can fully unlock your dashboard features.","Wasifu wako unahitaji maelezo machache zaidi kabla tuweze kufungua kikamilifu vipengele vya dashibodi yako."
"profileValidator.btnLogIn","Log In Now","Ingia Sasa"
"profileValidator.btnBackToLogin","Back to Login","Rudi kwa Ingia"
"profileValidator.btnCompleteSetup","Complete Setup","Kamilisha Kuweka"
"profileValidator.needHelp","Need help? Contact Support","Je, unahitaji usaidizi? Wasiliana na Usaidizi"
"languages.en","English","Kiingereza"
"languages.fr","Français","Kifaransa"
"languages.mg","Malagasy","Kimalagasi"
"languages.es","Español","Kihispania"
"languages.ar","العربية","العربية"
"languages.hi","हिन्दी","हिन्दी"
"languages.sw","Kiswahili","Kiswahili"
"documentVault.headerTitle","Document Vault","Hazina ya Hati"
"documentVault.headerSubtitle","Your important documents","Nyaraka zako muhimu"
"documentVault.expiringSoon","{{count}} document{{plural}} expiring soon","{{count}} hati{{plural}} muda wake unakwisha hivi karibuni"
"documentVault.addDocument","Add Document","Ongeza Hati"
"documentVault.emptyTitle","No documents stored yet","Bado hakuna hati zilizohifadhiwa"
"documentVault.emptyHint","Securely store your passport, work permit, contracts, pay stubs and other important documents — all in one place.","Hifadhi kwa usalama pasipoti yako, kibali cha kufanya kazi, kandarasi, hati za malipo na hati zingine muhimu - zote katika sehemu moja."
"documentVault.expiryNoExpiry","No expiry","Hakuna muda wa matumizi"
"documentVault.expiryExpired","Expired","Muda wake umeisha"
"documentVault.expiryDaysLeft","{{count}}d left","{{count}}d imeondoka"
"documentVault.modalTitle","Add Document","Ongeza Hati"
"documentVault.fieldDocumentType","Document Type","Aina ya Hati"
"documentVault.fieldVisibility","Visibility","Mwonekano"
"documentVault.visibilityPrivate","Private","Privat"
"documentVault.visibilityShared","Share with employer","Shiriki na mwajiri"
"documentVault.visibilityHint","Private documents are visible only to you.","Hati za kibinafsi zinaonekana kwako tu."
"documentVault.fieldDocumentName","Document Name","Jina la Hati"
"documentVault.fieldExpiryDate","Expiry Date","Tarehe ya kumalizika muda wake"
"documentVault.fieldNotes","Notes","Vidokezo"
"documentVault.fieldAttachFile","Attach File","Ambatisha Faili"
"documentVault.optional","(optional)","(si lazima)"
"documentVault.nameRequiredTitle","Name required","Jina linahitajika"
"documentVault.nameRequiredBody","Please enter a document name.","Tafadhali weka jina la hati."
"documentVault.errorTitle","Error","Hitilafu"
"documentVault.errorSave","Could not save document. Please try again.","Haikuweza kuhifadhi hati. Tafadhali jaribu tena."
"documentVault.errorDelete","Could not delete document.","Haikuweza kufuta hati."
"documentVault.errorOpenFile","Could not open file.","Haikuweza kufungua faili."
"documentVault.sharingNotAvailableTitle","Sharing not available","Kushiriki hakupatikani"
"documentVault.sharingNotAvailableBody","File sharing is not available on this device.","Kushiriki faili hakupatikani kwenye kifaa hiki."
"documentVault.deleteTitle","Delete Document","Futa Hati"
"documentVault.deleteConfirm","Remove ""{{name}}"" from your vault?","Je, ungependa kuondoa ""{{name}}"" kutoka kwenye kuba yako?"
"documentVault.deleteAction","Delete","Futa"
"documentVault.cancelAction","Cancel","Ghairi"
"documentVault.namePlaceholder","e.g. My Passport 2024","k.m. Pasipoti yangu 2024"
"documentVault.expiryPlaceholder","YYYY-MM-DD","YYYY-MM-DD"
"documentVault.expiryHint","Format: 2025-12-31 — dashes added automatically","Umbizo: 2025-12-31 - deshi zimeongezwa kiotomatiki"
"documentVault.notesPlaceholder","Add any notes about this document...","Ongeza maelezo yoyote kuhusu hati hii..."
"documentVault.pickDocument","Pick Document","Chagua Hati"
"documentVault.takePickPhoto","Take/Pick Photo","Chukua/Chagua Picha"
"documentVault.saveAction","Save","Hifadhi"
"documentVault.typePassport","Passport","Pasipoti"
"documentVault.typeWorkPermit","Work Permit","Kibali cha Kazi"
"documentVault.typeContract","Contract","Mkataba"
"documentVault.typePayStub","Pay Stub","Malipo"
"documentVault.typeIdCard","ID Card","Kadi ya kitambulisho"
"documentVault.typeOther","Other","Nyingine"
"privateHome.loadingDashboard","Loading dashboard…","Inapakia dashibodi..."
"privateHome.authRequired","Authentication Required","Uthibitishaji Unahitajika"
"privateHome.unableToLoad","Unable to load dashboard","Imeshindwa kupakia dashibodi"
"privateHome.pleaseLogIn","Please log in to view your dashboard","Tafadhali ingia ili kutazama dashibodi yako"
"privateHome.retry","Retry","Jaribu tena"
"privateHome.sessionExpired","Session expired. Please log in again.","Kipindi kimekwisha. Tafadhali ingia tena."
"privateHome.profileIncompleteError","Your profile setup is incomplete. Please complete your profile to view full dashboard.","Usanidi wako wa wasifu haujakamilika. Tafadhali kamilisha wasifu wako ili kuona dashibodi kamili."
"privateHome.failedToLoad","Failed to load dashboard data","Imeshindwa kupakia data ya dashibodi"
"privateHome.completeSetupTitle","Finish your profile","Maliza wasifu wako"
"privateHome.completeSetupBody","Tap to complete your details and unlock all features.","Gusa ili kukamilisha maelezo yako na kufungua vipengele vyote."
"privateHome.overtimeApproved","✅ Overtime Approved","✅ Muda wa ziada Umeidhinishwa"
"privateHome.overtimeRejected","❌ Overtime Rejected","❌ Muda wa ziada Umekataliwa"
"privateHome.overtimeWarning","🚨 Overtime Warning","🚨 Onyo la Muda wa ziada"
"privateHome.overtimeWarningBody","You have exceeded {{hours}} hours. Notify your employer?","Umepita saa {{hours}}. Mjulishe mwajiri wako?"
"privateHome.notify","Notify","Arifu"
"privateHome.overtimeNotifiedEmployerMessage","Overtime limit ({{hours}}h) exceeded. Employee notified employer.","Kikomo cha muda wa ziada ({{hours}}h) kimepitwa. Mfanyikazi aliarifu mwajiri."
"privateHome.welcomeBack","Welcome back, {{name}}! 👋","Karibu tena, {{name}}! 👋"
"privateHome.totalHours","Total Hours","Jumla ya Masaa"
"privateHome.earningsToday","Today's Earnings","Mapato ya Leo"
"privateHome.earningsWeek","Week's Earnings","Mapato ya Wiki"
"privateHome.earningsMonth","Month's Earnings","Mapato ya Mwezi"
"privateHome.earnings6Months","6M Earnings","Mapato ya 6M"
"privateHome.earningsYear","Year's Earnings","Mapato ya Mwaka"
"privateHome.tasks","Tasks","Kazi"
"privateHome.timePeriod","Time Period","Kipindi cha Muda"
"privateHome.filterToday","Today","Leo"
"privateHome.filterThisWeek","This Week","Wiki hii"
"privateHome.filterThisMonth","This Month","Mwezi huu"
"privateHome.filter6Months","6 Months","Miezi 6"
"privateHome.filter1Year","1 Year","Mwaka 1"
"privateHome.quickActions","Quick Actions","Vitendo vya Haraka"
"privateHome.clockIn","Clock In","Saa Ndani"
"privateHome.quickTasks","Tasks","Kazi"
"privateHome.expenses","Expenses","Matumizi"
"privateHome.transfers","Transfers","Uhamisho"
"privateHome.calculator","Calculator","Kikokotoo"
"privateHome.settings","Settings","mipangilio"
"privateHome.payslips","Payslips","Payslips"
"privateHome.documentVault","Document Vault","Hazina ya Hati"
"privateHome.leaveRequest","Leave Request","Acha Ombi"
"privateHome.employeeFallbackName","Employee","Mfanyakazi"
"privateHome.openProfile","Open profile","Fungua wasifu"
"privateHome.countryLabel","Country","Nchi"
"privateHome.onMission","On mission","Kwenye misheni"
"privateHomeCards.greetingMorning","Morning","Asubuhi"
"privateHomeCards.greetingAfternoon","Afternoon","Alasiri"
"privateHomeCards.greetingEvening","Evening","Jioni"
"privateHomeCards.goodGreeting","Good {{greeting}}!","Nzuri {{greeting}}!"
"privateHomeCards.workingBadge","WORKING","KUFANYA KAZI"
"privateHomeCards.loading","Loading...","Inapakia..."
"privateHomeCards.welcomeBackName","Welcome back, {{name}}","Karibu tena, {{name}}"
"privateHomeCards.statusLoading","Loading your work data...","Inapakia data yako ya kazini..."
"privateHomeCards.statusExploring","Exploring mode - Complete profile to unlock all features","Hali ya Kuchunguza - Kamilisha wasifu ili kufungua vipengele vyote"
"privateHomeCards.statusReady","Ready to start tracking your work","Tayari kuanza kufuatilia kazi yako"
"privateHomeCards.statusWorking","You're currently clocked in","Umejiingiza kwa sasa"
"privateHomeCards.statusSummarySingular","Your work summary - {{count}} session tracked","Muhtasari wa kazi yako - {{count}} kipindi kimefuatiliwa"
"privateHomeCards.statusSummaryPlural","Your work summary - {{count}} sessions tracked","Muhtasari wa kazi yako - vipindi {{count}} vimefuatiliwa"
"privateHomeCards.estimated","Estimated","Inakadiriwa"
"privateHomeCards.activeTasks","Active Tasks","Kazi Amilifu"
"privateHomeCards.filterToday","Today","Leo"
"privateHomeCards.filterThisWeek","This Week","Wiki hii"
"privateHomeCards.filterThisMonth","This Month","Mwezi huu"
"privateHomeCards.filter6Months","6 Months","Miezi 6"
"privateHomeCards.filterThisYear","This Year","Mwaka Huu"
"privateHomeCards.quickActionsSubtitle","Access your most used features","Fikia vipengele vyako vilivyotumiwa zaidi"
"privateHomeCards.actionRightsTitle","Your Rights","Haki zako"
"privateHomeCards.actionRightsSubtitle","Knowledge & Rights History","Historia ya Maarifa na Haki"
"privateHomeCards.actionPayrollTitle","Payroll","Mishahara"
"privateHomeCards.actionPayrollSubtitle","View pay stubs and calculations","Tazama hesabu za malipo na hesabu"
"privateHomeCards.actionProfileTitle","Profile","Wasifu"
"privateHomeCards.actionProfileSubtitle","Update personal information","Sasisha maelezo ya kibinafsi"
"privateHomeCards.actionExpensesTitle","Expenses","Matumizi"
"privateHomeCards.actionExpensesSubtitle","Track and submit expenses","Fuatilia na uwasilishe gharama"
"privateHomeCards.actionTransfersTitle","Transfers","Uhamisho"
"privateHomeCards.actionTransfersSubtitle","Track money sent & received","Fuatilia pesa zilizotumwa na kupokewa"
"privateHomeCards.actionScheduleTitle","My Schedule","Ratiba Yangu"
"privateHomeCards.actionScheduleSubtitle","Manage and track your assignments","Dhibiti na ufuatilie kazi zako"
"privateHomeCards.actionWorkHistoryTitle","Work History","Historia ya Kazi"
"privateHomeCards.actionWorkHistorySubtitle","View detailed time tracking","Tazama ufuatiliaji wa kina wa wakati"
"privateHomeCards.actionLeaveTitle","Leave Request","Acha Ombi"
"privateHomeCards.actionLeaveSubtitle","Request time off & view status","Omba muda wa kupumzika na uangalie hali"
"privateHomeCards.actionDocumentsTitle","Document Vault","Hazina ya Hati"
"privateHomeCards.actionDocumentsSubtitle","Store passport, permit & contracts","Hifadhi pasipoti, kibali na mikataba"
"privateHomeCards.badgeActive","Active","Inayotumika"
"privateHomeCards.badgeApproved","Approved","Imeidhinishwa"
"privateHomeCards.totalEarnings","Total Earnings","Mapato Jumla"
"privateHomeCards.live","LIVE","LIVE"
"privateHomeCards.salaryMode","Salary","Mshahara"
"privateHomeCards.monthlySalaryLabel","Monthly salary","Mshahara wa kila mwezi"
"privateHomeCards.ofMonthlySalary","of {{amount}} monthly salary","ya {{amount}} mshahara wa mwezi"
"privateHomeCards.calculating","Calculating...","Inakokotoa..."
"privateHomeCards.setupRequired","Setup Required","Usanidi Unahitajika"
"privateHomeCards.configureSalary","Configure Salary →","Sanidi Mshahara →"
"privateHomeCards.noPayBasisConfigured","No salary set up yet — ask your employer to configure it.","Bado hakuna mshahara uliowekwa - muulize mwajiri wako kuusanidi."
"privateHomeCards.noClockinsThisPeriod","No completed shifts yet this period.","Bado hakuna zamu zilizokamilishwa katika kipindi hiki."
"privateHomeCards.fromSessionsSingular","From {{count}} active session","Kutoka {{count}} kipindi kinachoendelea"
"privateHomeCards.fromSessionsPlural","From {{count}} active sessions","Kutoka {{count}} vipindi vinavyotumika"
"privateHomeCards.totalHours","Total Hours","Jumla ya Masaa"
"privateHomeCards.baseRate","Base Rate","Kiwango cha Msingi"
"privateHomeCards.referenceRate","Reference Rate","Kiwango cha Marejeleo"
"privateHomeCards.perHour","/hr","/saa"
"privateHomeCards.payTypeFixed","Fixed Salary","Mshahara wa kudumu"
"privateHomeCards.payTypeHourly","Hourly Pay","Malipo ya Saa"
"privateHomeCards.detailedBreakdown","Detailed Breakdown","Uchambuzi wa Kina"
"privateHomeCards.regular","Regular","Mara kwa Mara"
"privateHomeCards.overtime","Overtime","Saa za Ziada"
"privateHomeCards.allowances","Allowances","Marupurupu"
"privateHomeCards.proRated","Pro-rated","Iliyokadiriwa"
"privateHomeCards.holidayPay","Holiday Pay","Malipo ya Likizo"
"privateHomeCards.timeTimeline","Time Timeline","Ratiba ya Wakati"
"privateHomeCards.todaysActivity","Today's Activity","Shughuli ya Leo"
"privateHomeCards.thisWeeksActivity","This Week's Activity","Shughuli ya Wiki Hii"
"privateHomeCards.viewAll","View All","Tazama Zote"
"privateHomeCards.viewMoreCount","View {{count}} more","Tazama {{count}} zaidi"
"privateHomeCards.stopSession","Stop Session","Acha Kikao"
"privateHomeCards.clockInNow","Clock In Now","Ingiza Saa Sasa"
"privateHomeCards.currentlyWorking","You are currently working","Unafanya kazi kwa sasa"
"privateHomeCards.readyToStart","Ready to start your day?","Je, uko tayari kuanza siku yako?"
"privateHomeCards.syncingTimeline","Syncing timeline...","Inasawazisha rekodi ya matukio..."
"privateHomeCards.noActivity","No activity recorded","Hakuna shughuli iliyorekodiwa"
"privateHomeCards.badgeOt","OT","OT"
"privateHomeCards.badgeHol","HOL","HOL"
"privateHomeCards.breakTaken","{{duration}} break taken","{{duration}} mapumziko yamechukuliwa"
"privateHomeCards.totalTracked","Total Tracked","Jumla Inayofuatiliwa"
"privateHomeCards.earningsVsExpenses","Earnings vs Expenses","Mapato dhidi ya Matumizi"
"privateHomeCards.monthlyOverview","Monthly overview","Muhtasari wa kila mwezi"
"privateHomeCards.earnings","Earnings","Mapato"
"privateHomeCards.expenses","Expenses","Matumizi"
"privateHomeCards.surplus","Surplus","Ziada"
"privateHomeCards.deficit","Deficit","Nakisi"
"privateHomeCards.hoursNeeded","You need ~{{count}} more hours to cover expenses","Unahitaji ~{{count}} saa zaidi ili kulipia gharama"
"privateHomeCards.completeProfile","Complete Your Profile","Kamilisha Wasifu Wako"
"privateHomeCards.profilePercent","{{percentage}}% complete — {{remaining}} fields remaining","{{percentage}}% imekamilika - {{remaining}} sehemu zimesalia"
"privateHomeCards.converting","Converting from {{currency}} • Rate: {{rate}}","Inabadilisha kutoka {{currency}} • Kadiria: {{rate}}"
"savingsGoal.title","Savings Goal","Lengo la Akiba"
"savingsGoal.tapToEdit","Tap to edit","Gusa ili kuhariri"
"savingsGoal.setGoal","Set Goal","Weka Lengo"
"savingsGoal.setTargetTitle","Set a monthly savings target","Weka lengo la kuokoa kila mwezi"
"savingsGoal.setTargetBody","Track how much you can save each month based on your earnings and expenses.","Fuatilia ni kiasi gani unaweza kuokoa kila mwezi kulingana na mapato na matumizi yako."
"savingsGoal.monthlyTarget","Monthly Target","Lengo la Mwezi"
"savingsGoal.availableToSave","Available to Save","Inapatikana kwa Kuhifadhi"
"savingsGoal.onTrack","On track! You can save {{amount}} extra this month.","Njiani! Unaweza kuhifadhi {{amount}} za ziada mwezi huu."
"savingsGoal.shortfall","{{amount}} short of your goal this month.","{{amount}} umepungukiwa na lengo lako mwezi huu."
"savingsGoal.expensesExceed","Expenses exceed earnings — review your budget.","Gharama zinazidi mapato - kagua bajeti yako."
"savingsGoal.editTitle","Edit Savings Goal","Badilisha Lengo la Akiba"
"savingsGoal.setTitle","Set Savings Goal","Weka Lengo la Kuokoa"
"savingsGoal.howMuch","How much do you want to save each month?","Unataka kuokoa kiasi gani kila mwezi?"
"savingsGoal.targetPlaceholder","Monthly savings target","Lengo la kuokoa kila mwezi"
"savingsGoal.availableAfter","You currently have {{amount}} available after expenses.","Kwa sasa una {{amount}} inapatikana baada ya gharama."
"savingsGoal.saveGoal","Save Goal","Hifadhi Lengo"
"tasksScreen.myTasks","My Tasks","Kazi zangu"
"tasksScreen.updatingTask","Updating Task…","Inasasisha Jukumu..."
"tasksScreen.syncingTasks","Syncing tasks…","Inasawazisha majukumu..."
"tasksScreen.activeThisWeek","{{count}} active this week","{{count}} inatumika wiki hii"
"tasksScreen.filterActive","Active","Inayotumika"
"tasksScreen.filterPending","Pending","Inasubiri"
"tasksScreen.filterStarted","Started","Imeanza"
"tasksScreen.filterDone","Done","Imekamilika"
"tasksScreen.allCaughtUp","All caught up!","Wote wamekamatwa!"
"tasksScreen.noTasksForFilter","No tasks found for this filter.","Hakuna kazi zilizopatikana za kichujio hiki."
"tasksScreen.completion","COMPLETION","KUKAMILIKA"
"tasksScreen.startTask","Start Task","Anza Kazi"
"tasksScreen.markComplete","Mark Complete","Weka alama kuwa umekamilika"
"tasksScreen.completed","Completed","Imekamilika"
"tasksScreen.viewFullSchedule","View Full Schedule","Tazama Ratiba Kamili"
"tasksScreen.priorityUrgent","Urgent","Haraka"
"tasksScreen.priorityHigh","High","Juu"
"tasksScreen.priorityMedium","Medium","Kati"
"tasksScreen.priorityLow","Low","Chini"
"tasksScreen.loadingTasks","Loading tasks…","Inapakia majukumu..."
"tasksScreen.subtitle","View and update your assigned tasks","Tazama na usasishe kazi ulizokabidhiwa"
"tasksScreen.taskOverview","Task Overview","Muhtasari wa Kazi"
"tasksScreen.statTotal","Total","Jumla"
"tasksScreen.statActive","Active","Inayotumika"
"tasksScreen.statDone","Done","Imekamilika"
"tasksScreen.statOverdue","Overdue","Imepitwa na wakati"
"tasksScreen.filterSortTitle","Filter & Sort Tasks","Chuja & Panga Majukumu"
"tasksScreen.statusPlaceholder","Status","Hali"
"tasksScreen.sortByPlaceholder","Sort By","Panga Kwa"
"tasksScreen.optAllTasks","All Tasks","Kazi Zote"
"tasksScreen.optActiveTasks","Active Tasks","Kazi Amilifu"
"tasksScreen.optPending","Pending","Inasubiri"
"tasksScreen.optStarted","Started","Imeanza"
"tasksScreen.optCompleted","Completed","Imekamilika"
"tasksScreen.optCancelled","Cancelled","Imeghairiwa"
"tasksScreen.optDate","Date","Tarehe"
"tasksScreen.optStatus","Status","Hali"
"tasksScreen.optTitle","Title","Kichwa"
"tasksScreen.sortOrder","Sort Order:","Panga Agizo:"
"tasksScreen.ascending","Ascending","Kupanda"
"tasksScreen.descending","Descending","Kushuka"
"tasksScreen.filterAll","All","Wote"
"tasksScreen.myTasksCount","My Tasks ({{count}})","Kazi Zangu ({{count}})"
"tasksScreen.noTasksFound","No tasks found","Hakuna kazi zilizopatikana"
"tasksScreen.adjustFilters","Try adjusting your filters to see more tasks","Jaribu kurekebisha vichujio vyako ili kuona majukumu zaidi"
"tasksScreen.noAssignedTasks","You currently have no assigned tasks","Kwa sasa huna kazi ulizokabidhiwa"
"tasksScreen.untitledTask","Untitled Task","Kazi Isiyo na Kichwa"
"tasksScreen.noDescription","No description provided","Hakuna maelezo yaliyotolewa"
"tasksScreen.noDateSet","No date set","Hakuna tarehe iliyowekwa"
"tasksScreen.dateToday","Today","Leo"
"tasksScreen.dateTomorrow","Tomorrow","Kesho"
"tasksScreen.dateYesterday","Yesterday","Jana"
"tasksScreen.badgeOverdue","OVERDUE","IMEPELEKA"
"tasksScreen.scheduleTask","Schedule Task","Ratiba Kazi"
"tasksScreen.myTaskStatus","My Task Status","Hali ya Kazi Yangu"
"tasksScreen.overallStatus","Overall task status:","Hali ya jumla ya kazi:"
"tasksScreen.teamProgress","Team Progress ({{done}}/{{total}} done)","Maendeleo ya Timu ({{done}}/{{total}} yamekamilika)"
"tasksScreen.you","You","Wewe"
"tasksScreen.myStatusLabel","My Status *","Hali yangu *"
"tasksScreen.markProgress","Mark your progress","Weka alama kwenye maendeleo yako"
"tasksScreen.selectPending","⏳  Pending","⏳ Inasubiri"
"tasksScreen.selectStarted","▶  Started","▶ Imeanza"
"tasksScreen.selectCompleted","✅  Completed","✅ Imekamilika"
"tasksScreen.ownStatusNote","Only your own status is updated. The overall task auto-completes when everyone is done.","Hali yako mwenyewe pekee ndiyo inasasishwa. Jukumu la jumla hukamilika kiotomatiki kila mtu anapomaliza."
"tasksScreen.employerMessage","Message from your employer","Ujumbe kutoka kwa mwajiri wako"
"tasksScreen.myNoteLabel","Your note","Ujumbe wako"
"tasksScreen.myNotePlaceholder","Anything you want your employer to know about this task…","Chochote unachotaka mwajiri wako kujua kuhusu kazi hii..."
"tasksScreen.saveMyStatus","Save My Status","Hifadhi Hali Yangu"
"tasksScreen.errorTitle","Error","Hitilafu"
"tasksScreen.failedToLoad","Failed to load tasks","Imeshindwa kupakia majukumu"
"tasksScreen.validationError","Validation Error","Hitilafu ya Uthibitishaji"
"tasksScreen.selectStatusError","Please select a status","Tafadhali chagua hali"
"tasksScreen.updateFailed","Update Failed","Usasishaji Umeshindwa"
"tasksScreen.taskUpdated","Task Updated","Kazi Imesasishwa"
"tasksScreen.taskUpdatedDesc","Task status updated successfully","Hali ya jukumu imesasishwa"
"tasksScreen.failedToUpdate","Failed to update task","Imeshindwa kusasisha jukumu"
"tasksScreen.statusPending","Pending","Inasubiri"
"tasksScreen.statusStarted","Started","Imeanza"
"tasksScreen.statusCompleted","Completed","Imekamilika"
"tasksScreen.statusCancelled","Cancelled","Imeghairiwa"
"calculator.tabManual","Manual","Mwongozo"
"calculator.tabClockIn","Clock-In","Saa-Ndani"
"calculator.tabLeave","Leave","Ondoka"
"calculator.done","Done","Imekamilika"
"calculator.startDate","Start Date","Tarehe ya Kuanza"
"calculator.endDate","End Date","Tarehe ya Mwisho"
"calculator.estimatedSalary","Estimated Salary","Makadirio ya Mshahara"
"calculator.monthlyNetPay","MONTHLY NET PAY","MALIPO YA NET YA MWEZI"
"calculator.estimatedNet","Estimated net","Wavu iliyokadiriwa"
"calculator.gross","GROSS","GROSS"
"calculator.hourly","HOURLY","HOURY"
"calculator.weekly","WEEKLY","KILA WIKI"
"calculator.biweekly","BI-WEEKLY","BI-WIKI"
"calculator.payBreakdown","PAY BREAKDOWN","LIPIA KUVUNJIKA"
"calculator.baseGross","Base Gross","Pato la Msingi"
"calculator.allowances","Allowances","Marupurupu"
"calculator.deductions","Deductions","Makato"
"calculator.netMonthly","Net Monthly","Net Kila Mwezi"
"calculator.manualTitle","Manual Calculator","Kikokotoo cha Mwongozo"
"calculator.manualSubtitle","Personalized estimation","Makadirio yaliyobinafsishwa"
"calculator.jobConfiguration","Job Configuration","Mpangilio wa Kazi"
"calculator.sector","Sector","Sekta"
"calculator.sectorHint","— search by name or keyword","- tafuta kwa jina au neno kuu"
"calculator.sectorPlaceholder","Search & select sector…","Tafuta na uchague sekta..."
"calculator.category","Category","Kitengo"
"calculator.categoryPlaceholderNoSector","Select a sector first","Chagua sekta kwanza"
"calculator.categoryPlaceholder","Search & select category…","Tafuta na uchague aina..."
"calculator.grade","Grade","Daraja"
"calculator.gradePlaceholder","Search & select grade…","Tafuta na uchague daraja..."
"calculator.yearsOfService","Years of Service","Miaka ya Huduma"
"calculator.yearSuffix"," yr","mwaka"
"calculator.yearsSuffix"," yrs","miaka"
"calculator.compensation","Compensation","Malipo"
"calculator.basicSalary","Basic Salary","Mshahara wa Msingi"
"calculator.selectJobDetails","Select job details above","Chagua maelezo ya kazi hapo juu"
"calculator.perMonthShort","/mo","/mo"
"calculator.perHourShort","/hr","/saa"
"calculator.productivityNote","Productivity used as rate ({{symbol}} per kg). Enter expected kg/month to compute monthly salary.","Tija inayotumika kama kiwango ({{symbol}} kwa kilo). Weka kilo/mwezi unaotarajiwa ili kukokotoa mshahara wa kila mwezi."
"calculator.expectedKgPlaceholder","Expected kg per month","Kilo inayotarajiwa kwa mwezi"
"calculator.productivityRate","Productivity rate:","Kiwango cha uzalishaji:"
"calculator.workDaysMonth","Work Days / Month","Siku za Kazi / Mwezi"
"calculator.days22","22 days","siku 22"
"calculator.days26","26 days","siku 26"
"calculator.auto","Auto","Otomatiki"
"calculator.daysEffective","{{count}} days effective","Siku {{count}} zinatumika"
"calculator.hoursMonth","Hours / Month","Saa / Mwezi"
"calculator.custom","Custom","Desturi"
"calculator.subStd","Std","St"
"calculator.subRed","Red","Nyekundu"
"calculator.subPart","Part","Sehemu"
"calculator.enterHours","Enter hours","Ingiza saa"
"calculator.decreaseHours","Decrease working hours","Punguza saa za kazi"
"calculator.increaseHours","Increase working hours","Kuongeza saa za kazi"
"calculator.adjustments","Adjustments","Marekebisho"
"calculator.allowancesRowSub","Monthly fixed additions","Nyongeza za kudumu za kila mwezi"
"calculator.adds","+ ADDS","+ ONGEZA"
"calculator.deductionsRowSub","Monthly fixed removals","Uondoaji uliowekwa kila mwezi"
"calculator.subs","− SUBS","− SUBS"
"calculator.computing","Computing…","Kompyuta..."
"calculator.calculateSalary","Calculate Salary","Hesabu mshahara"
"calculator.calculateAria","Calculate manual salary estimate","Kuhesabu makadirio ya mshahara wa mwongozo"
"calculator.selectSectorToBegin","Select a sector to begin","Chagua sekta ya kuanza"
"calculator.selectCategoryToContinue","Select a category to continue","Chagua kategoria ili kuendelea"
"calculator.completeJobDetails","Complete job details above","Kamilisha maelezo ya kazi hapo juu"
"calculator.clockInTitle","Clock-In Calculator","Kikokotoo cha Saa-Katika"
"calculator.basedOnRecords","Based on {{count}} time records","Kulingana na {{count}} rekodi za saa"
"calculator.profileMetrics","Profile Metrics","Vipimo vya Wasifu"
"calculator.monthlyBase","Monthly Base","Msingi wa Kila Mwezi"
"calculator.hourlyRate","Hourly Rate","Kiwango cha Saa"
"calculator.ratesDerived","Rates derived from verified profile settings","Viwango vinavyotokana na mipangilio ya wasifu iliyothibitishwa"
"calculator.calculationPeriod","Calculation Period","Kipindi cha Kuhesabu"
"calculator.periodWeekly","Weekly","Kila wiki"
"calculator.periodBiweekly","Bi-weekly","Kila wiki mbili"
"calculator.periodMonthly","Monthly","Kila mwezi"
"calculator.customDateRange","CUSTOM DATE RANGE","FUNGU LA TAREHE MAALUM"
"calculator.daysCount","{{count}} days","Siku {{count}}"
"calculator.from","FROM","KUTOKA"
"calculator.selectStartDate","Select start date","Chagua tarehe ya kuanza"
"calculator.to","TO","KWA"
"calculator.selectEndDate","Select end date","Chagua tarehe ya mwisho"
"calculator.historyLogs","History Logs","Kumbukumbu za Historia"
"calculator.recordsCount","{{count}} records","{{count}} rekodi"
"calculator.totalHours","Total Hours","Jumla ya Masaa"
"calculator.noLogsFound","No logs found.","Hakuna kumbukumbu zilizopatikana."
"calculator.noDataAvailable","No Data Available","Hakuna Data Inayopatikana"
"calculator.calculateEstimate","Calculate Estimate","Hesabu Kadirio"
"calculator.profileSummaryTitle","Your Profile","Wasifu wako"
"calculator.profileSummarySubtitle","Current salary configuration","Mpangilio wa sasa wa mshahara"
"calculator.statSalary","SALARY","MSHAHARA"
"calculator.statAllowances","ALLOWANCES","POSHO"
"calculator.statDaysPerMonth","DAYS/MO","SIKU/MO"
"clockIn.pageEyebrow","Time Tracking","Ufuatiliaji wa Wakati"
"clockIn.pageTitle","Clock In","Saa Ndani"
"clockIn.badgeGpsTracked","GPS tracked","GPS imefuatiliwa"
"clockIn.badgeRealtime","Real-time","Wakati halisi"
"clockIn.badgeLeaveRequests","Leave requests","Acha maombi"
"clockIn.buttonClockIn","Clock In","Saa Ndani"
"clockIn.buttonClockOut","Clock Out","Saa Nje"
"clockIn.buttonNoJob","No Job","Hakuna Kazi"
"clockIn.buttonNoLocation","No Location","Hakuna Mahali"
"clockIn.stillWorking","Still working","Bado inafanya kazi"
"clockIn.notClockedIn","Not clocked in","Haijafungwa"
"clockIn.elapsedLabel","Elapsed","Iliyopita"
"clockIn.elapsedSince","Since {{time}}","Tangu {{time}}"
"clockIn.untilClockOut","{{time}} until clock-out","{{time}} hadi kwisha"
"clockIn.clockOutSoon","Clock out in {{time}}","Saa nje katika {{time}}"
"clockIn.pastClockOut","Past scheduled clock-out","Saa iliyopangwa ya zamani"
"clockIn.warnNoJob","⚠️ No job profile found. Please complete your job setup first.","⚠️ Hakuna wasifu wa kazi uliopatikana. Tafadhali kamilisha usanidi wako wa kazi kwanza."
"clockIn.warnNoLocation","📍 Location access required for clock-in/out functionality.","📍 Idhini ya kufikia eneo inahitajika kwa utendakazi wa kuingia/kutoka."
"clockIn.takeBreakTitle","☕ Take a break!","☕ Pumzika!"
"clockIn.takeBreakBodyHM","You've been working for {{hours}}h {{minutes}}m without a break.","Umekuwa ukifanya kazi kwa {{hours}}h {{minutes}}m bila kupumzika."
"clockIn.takeBreakBodyH","You've been working for {{hours}}h without a break.","Umekuwa ukifanya kazi kwa {{hours}}h bila kupumzika."
"clockIn.startBreak","Start Break","Anza Mapumziko"
"clockIn.endBreak","End Break","Maliza Mapumziko"
"clockIn.overtimeButton","Overtime","Saa za Ziada"
"clockIn.statusClockedIn","Clocked In","Imeingia"
"clockIn.statusClockedOut","Clocked Out","Imetoka Saa"
"clockIn.statusOnBreak","On Break","Kwenye Mapumziko"
"clockIn.weeklyDashboard","Weekly Dashboard","Dashibodi ya Wiki"
"clockIn.weeklyDashboardSubtitle","Current week summary","Muhtasari wa wiki ya sasa"
"clockIn.seeMore","See More","Tazama Zaidi"
"clockIn.statHours","HOURS","SAA"
"clockIn.statDays","DAYS","Siku"
"clockIn.statEarned","EARNED","Imepatikana"
"clockIn.emptyHistoryTitle","No work sessions found for this week yet.","Bado hakuna vipindi vya kazi vilivyopatikana kwa wiki hii."
"clockIn.emptyHistoryHint","Clock in to start tracking your time","Ingia ili kuanza kufuatilia muda wako"
"clockIn.totalLabel","Total","Jumla"
"clockIn.netLabel","Net","Net"
"clockIn.breakLabel","Break","Kuvunja"
"clockIn.eventClockIn","Clock In","Saa Ndani"
"clockIn.eventClockOut","Clock Out","Saa Nje"
"clockIn.eventBreakStart","Break Start","Kuvunja Anza"
"clockIn.eventBreakEnd","Break End","Mwisho wa mapumziko"
"clockIn.breakSummary","Break: {{duration}}","Mapumziko: {{duration}}"
"clockIn.tabNewRequest","New Request","Ombi Jipya"
"clockIn.tabMyRequests","My Requests","Maombi Yangu"
"clockIn.quickSelectLabel","Quick Select","Chagua Haraka"
"clockIn.quickToday","Today","Leo"
"clockIn.quickThisWeek","This Week","Wiki hii"
"clockIn.quickNextWeek","Next Week","Wiki Ijayo"
"clockIn.quickThisMonth","This Month","Mwezi huu"
"clockIn.clearAction","Clear","Wazi"
"clockIn.daysSelectedSingular","day selected","siku iliyochaguliwa"
"clockIn.daysSelectedPlural","days selected","siku zilizochaguliwa"
"clockIn.leaveBalanceLabel","Leave Balance","Acha Mizani"
"clockIn.leaveTypeLabel","Leave Type","Acha Aina"
"clockIn.notesLabel","Notes (Optional)","Vidokezo (Si lazima)"
"clockIn.notesPlaceholder","Reason for leave...","Sababu ya kuondoka..."
"clockIn.submitRequest","Submit Request","Wasilisha Ombi"
"clockIn.submitWithCount","Submit ({{count}} day)","Wasilisha ({{count}} siku)"
"clockIn.submitWithCountPlural","Submit ({{count}} days)","Wasilisha ({{count}} siku)"
"clockIn.noRequestsTitle","No requests yet","Bado hakuna maombi"
"clockIn.noRequestsHint","Submit your first leave request using the New Request tab.","Wasilisha ombi lako la kwanza la likizo ukitumia kichupo cha Ombi Jipya."
"clockIn.leaveSuffix","Leave","Ondoka"
"clockIn.oneDay","1 day","siku 1"
"clockIn.fromLabel","FROM","KUTOKA"
"clockIn.toLabel","TO","KWA"
"clockIn.dayCountSuffix","{{count}}d","{{count}}d"
"clockIn.typeAnnual","Annual","Mwaka"
"clockIn.typeSick","Sick","Mgonjwa"
"clockIn.typeHoliday","Holiday","Likizo"
"clockIn.typeEmergency","Emergency","Dharura"
"clockIn.typePersonal","Personal","Binafsi"
"clockIn.typeBereavement","Bereavement","Kufiwa"
"clockIn.leaveDetailsTitle","Leave Request Details","Acha Maelezo ya Ombi"
"clockIn.submittedOn","Submitted {{date}}","Imewasilishwa {{date}}"
"clockIn.dateLabel","Date","Tarehe"
"clockIn.noteLabel","Note","Kumbuka"
"clockIn.closeDetails","Close Details","Funga Maelezo"
"clockIn.overtimeSessionTitle","Overtime Session","Kikao cha Muda wa ziada"
"clockIn.overtimeSessionSubtitle","Your employer will be notified","Mwajiri wako atajulishwa"
"clockIn.overtimeSessionInfo","Mark this session as overtime? This records extra hours and alerts your employer.","Je, ungependa kutia kikao hiki kama saa ya ziada? Hii hurekodi saa za ziada na kumjulisha mwajiri wako."
"clockIn.reasonLabel","Reason","Sababu"
"clockIn.reasonOptional","(optional)","(si lazima)"
"clockIn.reasonPlaceholder","e.g. Finished late tasks, client call ran over…","k.m. Imemaliza kazi iliyochelewa, simu ya mteja iliisha…"
"clockIn.markAsOvertime","Mark as Overtime","Weka alama kama Muda wa ziada"
"clockIn.dismiss","Dismiss","Ondoa"
"clockIn.locationAddressTitle","Location Address","Anwani ya Mahali"
"clockIn.closeAction","Close","Funga"
"clockIn.locationPermissionDeniedTitle","Location Permission Denied","Ruhusa ya Mahali Imekataliwa"
"clockIn.locationPermissionDeniedBody","Location access is required for clock-in features. Please enable it in your device settings.","Ufikiaji wa eneo unahitajika kwa vipengele vya saa ndani. Tafadhali iwashe katika mipangilio ya kifaa chako."
"clockIn.cancelAction","Cancel","Ghairi"
"clockIn.openSettingsAction","Open Settings","Fungua Mipangilio"
"clockIn.locationErrorTitle","Location Error","Hitilafu ya Mahali"
"clockIn.locationErrorBody","Could not get current location. Please ensure GPS is enabled and try again.","Haikuweza kupata eneo la sasa. Tafadhali hakikisha GPS imewashwa na ujaribu tena."
"clockIn.successTitle","Success","Mafanikio"
"clockIn.errorTitle","Error","Hitilafu"
"clockIn.overtimeRegisteredBody","Overtime session has been registered. Your employer will be notified.","Kipindi cha muda wa ziada kimesajiliwa. Mwajiri wako atajulishwa."
"clockIn.overtimeFailedBody","Failed to mark overtime","Imeshindwa kuashiria saa ya ziada"
"clockIn.overtimeUnexpectedBody","Something went wrong. Please try again.","Hitilafu fulani imetokea. Tafadhali jaribu tena."
"clockIn.sessionLimitTitle","Session Limit Reached","Ukomo wa Kipindi Umefikiwa"
"clockIn.sessionLimitBody","You have been clocked in for 24 hours. You are being automatically clocked out.","Umesalia ndani kwa saa 24. Unazimwa kiotomatiki."
"clockIn.alreadyClockedInTitle","Already Clocked In","Tayari Imeingia"
"clockIn.alreadyClockedInBody","You have an active clock-in session. Please clock out before starting a new session.","Una kipindi kinachoendelea cha saa. Tafadhali acha kabla ya kuanza kipindi kipya."
"clockIn.jobRequiredTitle","Job Required","Kazi Inahitajika"
"clockIn.jobRequiredBody","You need to have a job profile set up before you can clock in. Please complete your job setup first.","Unahitaji kuwa na wasifu wa kazi umewekwa kabla ya kuingia. Tafadhali kamilisha usanidi wako wa kazi kwanza."
"clockIn.locationRequiredTitle","Location Required","Mahali Panahitajika"
"clockIn.locationRequiredBody","Cannot perform clock action. Location access is denied or not available. Please ensure GPS is enabled and permissions are granted.","Haiwezi kutekeleza kitendo cha saa. Ufikiaji wa eneo umekataliwa au haupatikani. Tafadhali hakikisha GPS imewashwa na ruhusa zimetolewa."
"clockIn.clockOutConfirmTitle","Clock Out?","Saa Nje?"
"clockIn.clockOutConfirmBody","Are you sure you want to clock out?","Je, una uhakika unataka kuzima?"
"clockIn.clockOutAction","Clock Out","Saa Nje"
"clockIn.clockOutSummaryTitle","Clock-Out Summary","Muhtasari wa Saa-Kati"
"clockIn.clockOutSummaryBody","You clocked in at {{clockIn}} and clocked out at {{clockOut}}.","Uliingia saa {{clockIn}} na ukatoka saa {{clockOut}}."
"clockIn.breakNotAllowedTitle","Action Not Allowed","Kitendo Hakiruhusiwi"
"clockIn.breakNotAllowedBody","You must be clocked in to start or end a break.","Ni lazima uingizwe ili kuanza au kumaliza mapumziko."
"clockIn.breakConfigErrorBody","Job profile and active time log are required for break functionality.","Wasifu wa kazi na logi ya saa inayotumika inahitajika kwa utendakazi wa mapumziko."
"clockIn.operationFailedBody","Operation failed: {{message}}","Uendeshaji haukufaulu: {{message}}"
"clockIn.noDatesTitle","No dates selected","Hakuna tarehe zilizochaguliwa"
"clockIn.noDatesBody","Please select at least one day.","Tafadhali chagua angalau siku moja."
"clockIn.userIdentifyError","Could not identify user. Please log in again.","Haikuweza kutambua mtumiaji. Tafadhali ingia tena."
"clockIn.leaveSubmittedSingular","{{count}} leave request submitted!","{{count}} ombi la kuondoka limewasilishwa!"
"clockIn.leaveSubmittedPlural","{{count}} leave requests submitted!","{{count}} acha maombi yamewasilishwa!"
"clockIn.leaveSomeFailed","Some requests failed. Please try again.","Baadhi ya maombi yameshindwa. Tafadhali jaribu tena."
"clockIn.leaveUnexpectedError","An unexpected error occurred.","Hitilafu isiyotarajiwa imetokea."
"clockIn.leaveSubmittedSuccess","Time off request submitted successfully!","Ombi la muda wa kupumzika limewasilishwa!"
"clockIn.leaveDateRequired","Please select a date or date range from the calendar.","Tafadhali chagua tarehe au kipindi kutoka kwa kalenda."
"clockIn.leaveSubmitFailed","Failed to submit leave request.","Imeshindwa kuwasilisha ombi la likizo."
"clockIn.statusPending","pending","inasubiri"
"clockIn.statusApproved","approved","kupitishwa"
"clockIn.statusDenied","denied","kukataliwa"
"clockIn.historyTitle","Work History","Historia ya Kazi"
"clockIn.historyLoading","Syncing history...","Inasawazisha historia..."
"clockIn.periodToday","Today","Leo"
"clockIn.periodThisWeek","This Week","Wiki hii"
"clockIn.periodLastWeek","Last Week","Wiki Iliyopita"
"clockIn.period7Days","7 Days","Siku 7"
"clockIn.periodThisMonth","This Month","Mwezi huu"
"clockIn.period30Days","30 Days","Siku 30"
"clockIn.periodLastMonth","Last Month","Mwezi uliopita"
"clockIn.period3Months","3 Months","Miezi 3"
"clockIn.periodAllTime","All Time","Wakati Wote"
"clockIn.filterAll","All Sessions","Vikao Vyote"
"clockIn.filterCompleted","Completed","Imekamilika"
"clockIn.filterActive","Active","Inayotumika"
"clockIn.filterOvertime","Overtime","Saa za Ziada"
"clockIn.filterHoliday","Holiday","Likizo"
"clockIn.filterWeekend","Weekend","Mwishoni mwa wiki"
"clockIn.filterWithBreak","With Break","Pamoja na Mapumziko"
"clockIn.summarySessions","Sessions","Vikao"
"clockIn.summaryTotalHrs","Total Hrs","Jumla ya Hs"
"clockIn.summaryAvgDay","Avg / Day","Wastani / Siku"
"clockIn.summaryOvertime","Overtime","Saa za Ziada"
"clockIn.sessionCountSingular","session","kikao"
"clockIn.sessionCountPlural","sessions","vikao"
"clockIn.clearFilter","Clear filter","Futa kichujio"
"clockIn.emptyPeriodMessage","No records for this period","Hakuna rekodi za kipindi hiki"
"clockIn.statusInProgress","In Progress","Inaendelea"
"clockIn.statusCompleted","Completed","Imekamilika"
"clockIn.badgeOT","OT","OT"
"clockIn.badgeHOL","HOL","HOL"
"clockIn.inProgressLabel","In Progress","Inaendelea"
"clockIn.inLabel","In: {{time}}","Katika: {{time}}"
"clockIn.outLabel","Out: {{time}}","Nje: {{time}}"
"clockIn.breakSuffix","{{minutes}}m break","{{minutes}}m mapumziko"
"clockIn.outAddressPrefix","Out: {{address}}","Nje: {{address}}"
"clockIn.timeNA","N/A","N/A"
"clockIn.invalidTime","Invalid time","Wakati batili"
"clockIn.invalidDate","Invalid date","Tarehe batili"
"notificationsScreen.headerTitle","Notifications","Arifa"
"notificationsScreen.unreadCount","{{count}} unread","{{count}} haijasomwa"
"notificationsScreen.allCaughtUp","All caught up","Wote walikamatwa"
"notificationsScreen.markAllRead","Mark all read","Weka alama kuwa zote zimesomwa"
"notificationsScreen.clearAll","Clear all","Futa zote"
"notificationsScreen.clearAllConfirmTitle","Clear all notifications","Futa arifa zote"
"notificationsScreen.clearAllConfirmBody","This will permanently remove all notifications. Continue?","Hii itaondoa arifa zote kabisa. Ungependa kuendelea?"
"notificationsScreen.cancel","Cancel","Ghairi"
"notificationsScreen.clearAllAction","Clear all","Futa zote"
"notificationsScreen.emptyTitle","No notifications yet","Bado hakuna arifa"
"notificationsScreen.emptyHint","Overtime updates and reminders will appear here.","Masasisho na vikumbusho vya muda wa ziada vitaonekana hapa."
"auth.loginWelcome","Welcome Back","Karibu tena"
"auth.loginSubtitle","Secure entry to your portal","Salama kuingia kwa lango lako"
"auth.emailLabel","Email Address","Anwani ya Barua Pepe"
"auth.emailPlaceholder","name@company.com","jina@company.com"
"auth.passwordLabel","Password","Nenosiri"
"auth.passwordPlaceholder","••••••••","•••••••••"
"auth.forgot","Forgot?","Umesahau?"
"auth.signIn","Sign In","Ingia"
"auth.newHere","NEW HERE?","MPYA HAPA?"
"auth.personal","Personal","Binafsi"
"auth.company","Company","Kampuni"
"auth.loginFailedTitle","Login Failed","Kuingia Kumeshindwa"
"auth.invalidCredentials","Invalid credentials. Please try again.","Vitambulisho batili. Tafadhali jaribu tena."
"auth.errorTitle","Error","Hitilafu"
"auth.unexpectedError","An unexpected error occurred during login.","Hitilafu isiyotarajiwa ilitokea wakati wa kuingia."
"auth.emailNotVerifiedTitle","Email Not Verified","Barua pepe Haijathibitishwa"
"auth.emailNotVerifiedBody","Your email address hasn't been verified yet. We've sent you a new code — please check your inbox.","Anwani yako ya barua pepe bado haijathibitishwa. Tumekutumia msimbo mpya - tafadhali angalia kisanduku pokezi chako."
"auth.verifyNow","Verify Now","Thibitisha Sasa"
"auth.emailInvalid","Please enter a valid email address.","Tafadhali weka barua pepe halali."
"auth.passwordRequired","Password is required.","Nenosiri linahitajika."
"auth.forgotTitle","Forgot Password","Umesahau Nenosiri"
"auth.forgotSubtitle","No worries! Enter your email and we'll send you a reset code.","Hakuna wasiwasi! Weka barua pepe yako na tutakutumia msimbo wa kuweka upya."
"auth.sendResetCode","Send Reset Code","Tuma Msimbo wa Kuweka Upya"
"auth.checkEmailTitle","Check Your Email","Angalia Barua pepe Yako"
"auth.checkEmailBody","If an account with that email exists, an OTP has been sent.","Ikiwa akaunti iliyo na barua pepe hiyo ipo, OTP imetumwa."
"auth.failedToSendOtp","Failed to send OTP. Please try again.","Imeshindwa kutuma OTP. Tafadhali jaribu tena."
"auth.verifyTitle","Verify Code","Thibitisha Msimbo"
"auth.verifySubtitle","Enter the code sent to your email.","Ingiza msimbo uliotumwa kwa barua pepe yako."
"auth.verificationCodeLabel","Verification Code","Nambari ya Uthibitishaji"
"auth.otpPlaceholder","123456","123456"
"auth.codeSentTo","Code sent to","Msimbo umetumwa kwa"
"auth.verifyCode","Verify Code","Thibitisha Msimbo"
"auth.emailNotFound","Email not found. Please go back and try again.","Barua pepe haikupatikana. Tafadhali rudi na ujaribu tena."
"auth.invalidOtp","Invalid OTP. Please try again.","OTP batili. Tafadhali jaribu tena."
"auth.otpLength","OTP must be 6 digits.","OTP lazima iwe na tarakimu 6."
"auth.resetTitle","Reset Password","Weka upya Nenosiri"
"auth.resetSubtitle","Secure your account with a new password.","Linda akaunti yako kwa nenosiri jipya."
"auth.newPasswordLabel","New Password","Nenosiri Mpya"
"auth.confirmPasswordLabel","Confirm Password","Thibitisha Nenosiri"
"auth.resetPassword","Reset Password","Weka upya Nenosiri"
"auth.sessionExpiredReset","Session expired. Please start over.","Kipindi kimekwisha. Tafadhali anza upya."
"auth.resetSuccessTitle","Password Reset Successful","Uwekaji Upya Nenosiri Umefaulu"
"auth.resetSuccessBody","You can now log in with your new password.","Sasa unaweza kuingia na nenosiri lako jipya."
"auth.failedToReset","Failed to reset password. Please try again.","Imeshindwa kuweka upya nenosiri. Tafadhali jaribu tena."
"auth.passwordMin","Password must be at least 8 characters.","Nenosiri lazima liwe na angalau vibambo 8."
"auth.passwordsDoNotMatch","Passwords do not match.","Manenosiri hayalingani."
"signup.stepOf","Step {{current}} of {{total}}","Hatua {{current}} ya {{total}}"
"signup.continue","Continue","Endelea"
"signup.back","Back","Nyuma"
"signup.register","Register","Sajili"
"signup.alreadyHaveAccount","Already have an account?","Je, tayari una akaunti?"
"signup.logIn","Log In","Ingia"
"signup.passwordStrength","Password Strength","Nguvu ya Nenosiri"
"signup.strengthWeak","Weak","Dhaifu"
"signup.strengthMedium","Medium","Kati"
"signup.strengthStrong","Strong","Nguvu"
"signup.joinBrand","Join Kiruko","Ungana na Kiruko"
"signup.accountDetails","Account Details","Maelezo ya Akaunti"
"signup.accountDetailsSub","Sign up in seconds to get started.","Jisajili kwa sekunde ili kuanza."
"signup.firstName","First Name","Jina la kwanza"
"signup.lastName","Last Name","Jina la mwisho"
"signup.phoneNumber","Phone Number","Nambari ya Simu"
"signup.email","Email","Barua pepe"
"signup.emailRegistered","This email is already registered. Please log in instead.","Barua pepe hii tayari imesajiliwa. Tafadhali ingia badala yake."
"signup.workVerification","Work Verification","Uthibitishaji wa Kazi"
"signup.workVerificationSub","Link your account to your company.","Unganisha akaunti yako na kampuni yako."
"signup.brnNumber","BRN Number","Nambari ya BRN"
"signup.companyName","Company Name","Jina la Kampuni"
"signup.secureAccount","Secure Your Account","Linda Akaunti Yako"
"signup.secureAccountSub","Choose a strong password.","Chagua nenosiri dhabiti."
"signup.password","Password","Nenosiri"
"signup.confirmPassword","Confirm Password","Thibitisha Nenosiri"
"signup.welcomeTitle","Welcome!","Karibu!"
"signup.verifyEmailSent","Please check your email for a verification code.","Tafadhali angalia barua pepe yako kwa msimbo wa uthibitishaji."
"signup.signupFailed","Signup Failed","Imeshindwa Kujisajili"
"signup.unableToCreate","Unable to create account.","Imeshindwa kuunda akaunti."
"signup.unexpectedError","An unexpected error occurred.","Hitilafu isiyotarajiwa imetokea."
"signup.registerCompany","Register Company","Kampuni ya Usajili"
"signup.businessIdentity","Business Identity","Utambulisho wa Biashara"
"signup.businessIdentitySub","Enter your official company details.","Weka maelezo rasmi ya kampuni yako."
"signup.brnRegistration","BRN (Registration Number)","BRN (Nambari ya Usajili)"
"signup.brnTaken","❌ This BRN is already registered. Please use a different Business Registration Number.","❌ BRN hii tayari imesajiliwa. Tafadhali tumia Nambari tofauti ya Usajili wa Biashara."
"signup.brnAvailable","✅ BRN available — you can register your company with this number.","✅ BRN inapatikana - unaweza kusajili kampuni yako kwa nambari hii."
"signup.companyAddress","Company Address","Anwani ya Kampuni"
"signup.contactLiaison","Contact Liaison","Mawasiliano Uhusiano"
"signup.contactLiaisonSub","Primary contact for the company.","Mawasiliano ya msingi kwa kampuni."
"signup.contactPersonName","Contact Person Name","Jina la Mtu wa Kuwasiliana"
"signup.companyEmail","Company Email","Barua pepe ya Kampuni"
"signup.companyPhone","Company Phone","Simu ya Kampuni"
"signup.vatNumber","VAT Number (Optional)","Nambari ya VAT (Si lazima)"
"signup.accountShield","Account Shield","Ngao ya Akaunti"
"signup.accountShieldSub","Secure your business portal access.","Linda ufikiaji wa tovuti yako ya biashara."
"signup.portalPassword","Portal Password","Nenosiri la portal"
"signup.companyWelcomeBody","Company account created. Please check your email for a verification code.","Akaunti ya kampuni imeundwa. Tafadhali angalia barua pepe yako kwa msimbo wa uthibitishaji."
"signup.verifyEmailTitle","Verify Your Email","Thibitisha Barua pepe Yako"
"signup.verifyEmailSub","We've sent a 6-digit code to your email address.","Tumetuma nambari ya kuthibitisha yenye tarakimu 6 kwa anwani yako ya barua pepe."
"signup.verificationCode","Verification Code","Nambari ya Uthibitishaji"
"signup.verifyActivate","Verify & Activate","Thibitisha na Uwashe"
"signup.resendIn","Resend code in {{seconds}}s","Tuma tena msimbo katika {{seconds}}s"
"signup.resendCode","Resend Verification Code","Tuma tena Nambari ya Uthibitishaji"
"signup.emailNotFoundRestart","Email not found. Please restart the signup process.","Barua pepe haikupatikana. Tafadhali anzisha upya mchakato wa kujisajili."
"signup.verifiedTitle","Success!","Mafanikio!"
"signup.verifiedBody","Your email has been verified. You can now log in.","Barua pepe yako imethibitishwa. Sasa unaweza kuingia."
"signup.invalidCode","Invalid code. Please try again.","Msimbo batili. Tafadhali jaribu tena."
"signup.sentTitle","Sent","Imetumwa"
"signup.resendSuccess","A new verification code has been sent to your email.","Nambari mpya ya kuthibitisha imetumwa kwa barua pepe yako."
"signup.resendFailed","Failed to resend code. Please try again later.","Imeshindwa kutuma tena msimbo. Tafadhali jaribu tena baadaye."
"signup.vEmailRequired","Email is required","Barua pepe inahitajika"
"signup.vEmailInvalid","Invalid email","Barua pepe si sahihi"
"signup.vFirstName","First Name is required","Jina la Kwanza linahitajika"
"signup.vLastName","Last Name is required","Jina la Mwisho linahitajika"
"signup.vPhone","Phone number is required","Nambari ya simu inahitajika"
"signup.vPhoneShort","Phone is required","Simu inahitajika"
"signup.vCompanyName","Company Name is required","Jina la Kampuni linahitajika"
"signup.vBrn","BRN is required","BRN inahitajika"
"signup.vAddress","Address is required","Anwani inahitajika"
"signup.vContactName","Contact Person Name is required","Jina la Mtu wa Kuwasiliana naye linahitajika"
"signup.vPasswordRule","Password must meet at least 3 of: min 6 chars, uppercase, lowercase, number, special char","Nenosiri lazima litimize angalau 3 kati ya: dak 6 chara, herufi kubwa, herufi ndogo, nambari, herufi maalum"
"signup.vPasswordsMatch","Passwords do not match","Manenosiri hayalingani"
"signup.vOtpLength","OTP must be 6 digits.","OTP lazima iwe na tarakimu 6."
"onboarding.step1Title","Welcome to
Kiruko","Karibu
Kiruko"
"onboarding.step1Subtitle","Your comprehensive workforce management solution that helps you track time, manage schedules, and stay organized.","Suluhisho lako la kina la usimamizi wa wafanyikazi ambalo hukusaidia kufuatilia wakati, kudhibiti ratiba na kukaa kwa mpangilio."
"onboarding.step2Title","Track Your Time
Effortlessly","Fuatilia Muda Wako
Bila Juhudi"
"onboarding.step2Subtitle","Log work hours, manage breaks, and monitor your productivity with our intuitive time tracking system.","Weka saa za kazi, dhibiti mapumziko, na ufuatilie tija yako ukitumia mfumo wetu wa ufuatiliaji wa saa angavu."
"onboarding.step3Title","Built for Your
Whole Team","Imeundwa kwa ajili ya
Timu Yako Nzima"
"onboarding.step3Subtitle","Schedules, leave, payroll and attendance — everything your workforce needs, all in one place.","Ratiba, likizo, malipo na mahudhurio - kila kitu ambacho wafanyikazi wako wanahitaji, yote katika sehemu moja."
"onboarding.step4Title","Ready to Start!","Tayari Kuanza!"
"onboarding.step4Subtitle","You're all set. Let's get you signed in.","Uko tayari. Hebu tukufanye uingie."
"onboarding.roleEmployers","employers","waajiri"
"onboarding.roleEmployees","employees","wafanyakazi"
"onboarding.roleUsers","users","watumiaji"
"onboarding.selectionRequiredTitle","Selection Required","Uteuzi Unahitajika"
"onboarding.selectionRequiredBody","Please select your role to continue with a personalized experience.","Tafadhali chagua jukumu lako ili kuendelea na utumiaji uliobinafsishwa."
"onboarding.saveFailed","Failed to save your selection. Please try again.","Imeshindwa kuhifadhi chaguo lako. Tafadhali jaribu tena."
"onboarding.skipTitle","Skip Onboarding?","Ungependa Kuruka Kupanda?"
"onboarding.skipBody","You can always set up your profile later in settings.","Unaweza kusanidi wasifu wako wakati wowote katika mipangilio."
"onboarding.continueSetup","Continue Setup","Endelea Kuweka"
"onboarding.skip","Skip","Ruka"
"onboarding.imEmployer","I'm an Employer","Mimi ni Mwajiri"
"onboarding.employerDesc","Manage employees and track team productivity","Dhibiti wafanyikazi na ufuatilie tija ya timu"
"onboarding.imEmployee","I'm an Employee","Mimi ni Mfanyakazi"
"onboarding.employeeDesc","Track your time and manage work schedule","Fuatilia wakati wako na udhibiti ratiba ya kazi"
"onboarding.stepCount","{{current}} of {{total}}","{{current}} ya {{total}}"
"onboarding.back","Back","Nyuma"
"onboarding.getStarted","Get Started","Anza"
"onboarding.continue","Continue","Endelea"
"companyDashboard.notifTitle","Notifications","Arifa"
"companyDashboard.notifUnread","{{count}} unread","{{count}} haijasomwa"
"companyDashboard.notifMarkAllRead","Mark all read","Weka alama kuwa zote zimesomwa"
"companyDashboard.notifEmptyTitle","No notifications yet","Bado hakuna arifa"
"companyDashboard.notifEmptyBody","Overtime alerts and updates from your team will appear here.","Arifa za muda wa ziada na masasisho kutoka kwa timu yako yataonekana hapa."
"companyDashboard.notifApprove","Approve","Idhinisha"
"companyDashboard.notifReject","Reject","Kataa"
"companyDashboard.notifFailConfirm","Failed to confirm overtime","Imeshindwa kuthibitisha muda wa ziada"
"companyDashboard.notifConfirmedTitle","Confirmed","Imethibitishwa"
"companyDashboard.notifConfirmedBody","Overtime has been approved. The employee will be notified.","Muda wa ziada umeidhinishwa. Mfanyakazi atajulishwa."
"companyDashboard.notifSomethingWrong","Something went wrong. Please try again.","Hitilafu fulani imetokea. Tafadhali jaribu tena."
"companyDashboard.notifFailReject","Failed to reject overtime","Imeshindwa kukataa muda wa ziada"
"companyDashboard.notifRejectedTitle","Rejected","Imekataliwa"
"companyDashboard.notifRejectedBody","Overtime request has been rejected. The employee will be notified.","Ombi la muda wa ziada limekataliwa. Mfanyakazi atajulishwa."
"companyDashboard.docsTitle","Employee Documents","Nyaraka za Wafanyikazi"
"companyDashboard.docsSubtitle","Manage HR documents for your team","Dhibiti hati za HR kwa timu yako"
"companyDashboard.docTypePassport","Passport","Pasipoti"
"companyDashboard.docTypeWorkPermit","Work Permit","Kibali cha Kazi"
"companyDashboard.docTypeContract","Contract","Mkataba"
"companyDashboard.docTypePayStub","Pay Stub","Malipo"
"companyDashboard.docTypeIdCard","ID Card","Kadi ya kitambulisho"
"companyDashboard.docTypeOther","Other","Nyingine"
"companyDashboard.docNoExpiry","No expiry","Hakuna muda wa matumizi"
"companyDashboard.docExpired","Expired","Muda wake umeisha"
"companyDashboard.docDaysLeft","{{days}}d left","{{days}}d imeondoka"
"companyDashboard.docAddDoc","Add Doc","Ongeza Hati"
"companyDashboard.docViewingVault","Viewing vault for","Kuangalia kuba kwa"
"companyDashboard.docExpiringSoonOne","{{count}} document expiring soon","{{count}} hati itakwisha hivi karibuni"
"companyDashboard.docExpiringSoonOther","{{count}} documents expiring soon","{{count}} hati zitakwisha hivi karibuni"
"companyDashboard.docNoneTitle","No documents yet","Bado hakuna hati"
"companyDashboard.docNoneBody","Upload contracts, work permits, pay stubs and other HR documents for {{name}}.","Pakia mikataba, vibali vya kufanya kazi, hati za malipo na hati zingine za Utumishi wa {{name}}."
"companyDashboard.docSelectEmployee","Select an employee above to view their documents.","Chagua mfanyakazi hapo juu ili kutazama hati zake."
"companyDashboard.docNameRequiredTitle","Name required","Jina linahitajika"
"companyDashboard.docNameRequiredBody","Please enter a document name.","Tafadhali weka jina la hati."
"companyDashboard.docCouldNotSave","Could not save document.","Haikuweza kuhifadhi hati."
"companyDashboard.docCouldNotSaveRetry","Could not save document. Please try again.","Haikuweza kuhifadhi hati. Tafadhali jaribu tena."
"companyDashboard.docDeleteTitle","Delete Document","Futa Hati"
"companyDashboard.docDeleteBody","Remove ""{{name}}"" from this employee's vault?","Je, ungependa kuondoa ""{{name}}"" kutoka kwa kubana ya mfanyakazi huyu?"
"companyDashboard.docCouldNotDelete","Could not delete document.","Haikuweza kufuta hati."
"companyDashboard.docSharingUnavailableTitle","Sharing not available","Kushiriki hakupatikani"
"companyDashboard.docSharingUnavailableBody","File sharing is not available on this device.","Kushiriki faili hakupatikani kwenye kifaa hiki."
"companyDashboard.docCouldNotOpen","Could not open file.","Haikuweza kufungua faili."
"companyDashboard.docVaultEyebrow","Document Vault","Hazina ya Hati"
"companyDashboard.docAddDocument","Add Document","Ongeza Hati"
"companyDashboard.docForName","for {{name}}","kwa {{name}}"
"companyDashboard.docDocumentType","Document Type","Aina ya Hati"
"companyDashboard.docDocumentName","Document Name","Jina la Hati"
"companyDashboard.docNamePlaceholder","e.g. Employment Contract 2024","k.m. Mkataba wa Ajira 2024"
"companyDashboard.docExpiryDate","Expiry Date","Tarehe ya kumalizika muda wake"
"companyDashboard.docOptional","(optional)","(si lazima)"
"companyDashboard.docExpiryPlaceholder","YYYY-MM-DD","YYYY-MM-DD"
"companyDashboard.docExpiryFormat","Format: 2025-12-31","Muundo: 2025-12-31"
"companyDashboard.docNotes","Notes","Vidokezo"
"companyDashboard.docNotesPlaceholder","Any notes about this document...","Vidokezo vyovyote kuhusu hati hii..."
"companyDashboard.docAttachFile","Attach File","Ambatisha Faili"
"companyDashboard.docPickDocument","Pick Document","Chagua Hati"
"companyDashboard.docTakePhoto","Take/Pick Photo","Chukua/Chagua Picha"
"companyDashboard.docSave","Save","Hifadhi"
"companyDashboard.activityTitle","Activity","Shughuli"
"companyDashboard.activitySearchPlaceholder","Search by employee name…","Tafuta kwa jina la mfanyakazi..."
"companyDashboard.activityNothingHere","Nothing here","Hakuna kitu hapa"
"companyDashboard.activityAdjustFilters","Try adjusting your filters","Jaribu kurekebisha vichujio vyako"
"companyDashboard.activityRecords","{{count}} records","{{count}} rekodi"
"companyDashboard.activityLoading","Loading activity…","Inapakia shughuli..."
"companyDashboard.actLeaveSuffix","{{type}} Leave","{{type}} Ondoka"
"companyDashboard.actLeaveFallback","Leave","Ondoka"
"companyDashboard.actStatusOnly","Status: {{status}}","Hali: {{status}}"
"companyDashboard.actClockedIn","Clocked In","Imeingia"
"companyDashboard.actClockedOut","Clocked Out","Imetoka Saa"
"companyDashboard.actSessionEnded","Session ended","Kikao kimemalizika"
"companyDashboard.actAtTime","At {{time}}","Kwa {{time}}"
"companyDashboard.actOvertime","Overtime","Saa za Ziada"
"companyDashboard.actOvertimeFlaggedBy","{{name}} flagged their shift","{{name}} waliripoti zamu zao"
"companyDashboard.actOvertimeFlagged","Overtime flagged","Muda wa ziada umealamishwa"
"companyDashboard.actShiftDone","Shift Done","Shift Imefanywa"
"companyDashboard.actWorkCompleted","Work completed","Kazi imekamilika"
"companyDashboard.actActivity","Activity","Shughuli"
"companyDashboard.actAnEmployee","An employee","Mfanyakazi"
"companyDashboard.actFilterAll","All","Wote"
"companyDashboard.actFilterLeaves","Leaves","Majani"
"companyDashboard.actFilterClockIns","Clock-Ins","Saa-Ins"
"companyDashboard.actFilterShifts","Shifts","Mabadiliko"
"companyDashboard.actDateToday","Today","Leo"
"companyDashboard.actDateThisWeek","This Week","Wiki hii"
"companyDashboard.actDateThisMonth","This Month","Mwezi huu"
"companyDashboard.actDateAllTime","All Time","Wakati Wote"
"companyProfile.headerTitle","Company Profile","Wasifu wa Kampuni"
"companyProfile.stepIdentity","Identity","Utambulisho"
"companyProfile.stepContact","Contact","Wasiliana"
"companyProfile.stepLabel","Step {{current}} of {{total}}: {{title}}","Hatua {{current}} ya {{total}}: {{title}}"
"companyProfile.companyIdentity","Company Identity","Utambulisho wa Kampuni"
"companyProfile.companyName","Company Name","Jina la Kampuni"
"companyProfile.companyNamePlaceholder","e.g. Acme Ltd","k.m. Acme Ltd"
"companyProfile.brnLabel","Business Registration Number (BRN)","Nambari ya Usajili wa Biashara (BRN)"
"companyProfile.brnPlaceholder","e.g. C12345678","k.m. C12345678"
"companyProfile.brnNote","BRN cannot be changed after registration.","BRN haiwezi kubadilishwa baada ya usajili."
"companyProfile.contactOps","Contact & Operations","Mawasiliano na Uendeshaji"
"companyProfile.businessEmail","Business Email","Barua pepe ya Biashara"
"companyProfile.emailPlaceholder","company@example.com","company@example.com"
"companyProfile.phoneNumber","Phone Number","Nambari ya Simu"
"companyProfile.phonePlaceholder","+230 5XX XXXX","+230 5XXX XXX"
"companyProfile.businessAddress","Business Address","Anwani ya Biashara"
"companyProfile.addressPlaceholder","Full address","Anwani kamili"
"companyProfile.vatLabel","VAT Registration Number","Nambari ya Usajili wa VAT"
"companyProfile.optional","(Optional)","(Si lazima)"
"companyProfile.vatPlaceholder","e.g. MU12345678","k.m. MU12345678"
"companyProfile.vatNote","Leave blank if your company is not VAT registered.","Ondoka wazi ikiwa kampuni yako haijasajiliwa VAT."
"companyProfile.leaveBudgetLabel","Annual Leave Budget (days)","Bajeti ya Likizo ya Mwaka (siku)"
"companyProfile.leaveBudgetPlaceholder","e.g. 20","k.m. 20"
"companyProfile.leaveBudgetNote","Total leave days available per employee per year","Jumla ya siku za likizo zinazopatikana kwa kila mfanyakazi kwa mwaka"
"companyProfile.back","Back","Nyuma"
"companyProfile.continue","Continue","Endelea"
"companyProfile.saving","Saving…","Inahifadhi..."
"companyProfile.saveProfile","Save Profile","Hifadhi Wasifu"
"companyProfile.ownerOnlyTitle","Owner access only","Ufikiaji wa mmiliki pekee"
"companyProfile.ownerOnlyBody","Only the company owner can view or edit the company profile.","Mmiliki wa kampuni pekee ndiye anayeweza kuona au kuhariri wasifu wa kampuni."
"companyProfile.errCompanyNotFound","Company not found. Please log out and log back in.","Kampuni haikupatikana. Tafadhali toka na uingie tena."
"companyProfile.updateFailed","Update Failed","Usasishaji Umeshindwa"
"companyProfile.successTitle","Success","Mafanikio"
"companyProfile.successBody","Company profile updated.","Wasifu wa kampuni umesasishwa."
"companyProfile.saveFailed","Failed to save changes.","Imeshindwa kuhifadhi mabadiliko."
"companyProfile.incompleteTitle","Incomplete Form","Fomu Isiyokamilika"
"companyProfile.incompleteBody","Please fill in all required fields.","Tafadhali jaza sehemu zote zinazohitajika."
"companyProfile.vCompanyName","Company name is required","Jina la kampuni linahitajika"
"companyProfile.vBrn","BRN is required","BRN inahitajika"
"companyProfile.vEmail","Enter a valid email","Weka barua pepe halali"
"companyProfile.vNumber","Must be a number","Lazima iwe nambari"
"employeeDetail.loading","Loading employee details...","Inapakia maelezo ya mfanyakazi..."
"employeeDetail.goodMorning","Good Morning","Habari za Asubuhi"
"employeeDetail.goodAfternoon","Good Afternoon","Mchana Mwema"
"employeeDetail.goodEvening","Good Evening","Jioni Njema"
"employeeDetail.employeeFallback","Employee","Mfanyakazi"
"employeeDetail.staff","STAFF","WAFANYAKAZI"
"employeeDetail.member","Member","Mwanachama"
"employeeDetail.general","General","Mkuu"
"employeeDetail.goBack","Go Back","Rudi Nyuma"
"employeeDetail.errLoadFailed","Failed to load employee details","Imeshindwa kupakia maelezo ya mfanyakazi"
"employeeDetail.errNoCompany","No company ID found","Hakuna kitambulisho cha kampuni kilichopatikana"
"employeeDetail.errFetchUsers","Failed to fetch users","Imeshindwa kuleta watumiaji"
"employeeDetail.errNotInCompany","Employee not found or not in your company","Mfanyakazi hakupatikana au hayupo katika kampuni yako"
"employeeDetail.joined","JOINED","AMEJIUNGA"
"employeeDetail.loginId","LOGIN ID","INGIA KITAMBULISHO"
"employeeDetail.department","DEPARTMENT","IDARA"
"employeeDetail.personalDetails","Personal Details","Maelezo ya Kibinafsi"
"employeeDetail.fullName","FULL NAME","JINA KAMILI"
"employeeDetail.emailAddress","EMAIL ADDRESS","ANWANI YA BARUA PEPE"
"employeeDetail.userType","USER TYPE","AINA YA MTUMIAJI"
"employeeDetail.employment","Employment","Ajira"
"employeeDetail.jobTitle","JOB TITLE","KICHWA CHA KAZI"
"employeeDetail.noJobDefined","No Job Defined","Hakuna Kazi Imebainishwa"
"employeeDetail.primaryLocation","PRIMARY LOCATION","ENEO LA MSINGI"
"employeeDetail.activeMission","ON MISSION","KWENYE UTUME"
"employeeDetail.missionSince","Since","Tangu"
"employeeDetail.compensation","Compensation","Malipo"
"employeeDetail.monthly","MONTHLY","MWEZI"
"employeeDetail.hourly","HOURLY","HOURY"
"employeeDetail.daily","DAILY","KILA SIKU"
"employeeDetail.hourlyRate","HOURLY RATE","KIWANGO CHA SAA"
"employeeDetail.dailyRate","DAILY RATE","KIWANGO CHA KILA SIKU"
"employeeDetail.monthlyEquivalent","MONTHLY EQUIVALENT","SAWA NA MWEZI"
"employeeDetail.monthlyRevenue","MONTHLY REVENUE","MAPATO YA MWEZI"
"employeeDetail.targetWorkHours","TARGET WORK HOURS","SAA ZA KAZI LENGO"
"employeeDetail.hrs","hrs","saa"
"employeeDetail.calculatedHourlyRate","Calculated Hourly Rate","Kiwango cha Saa kilichohesabiwa"
"employeeDetail.perHr","/ HR","/ HR"
"employeeDetail.rateDerived","Rate is derived from monthly revenue and target hours","Kiwango kinatokana na mapato ya kila mwezi na saa lengwa"
"employeeDetail.noCompensation","No compensation data available","Hakuna data ya fidia inayopatikana"
"employeeDetail.recentAttendance","Recent Attendance","Mahudhurio ya Hivi Karibuni"
"employeeDetail.lastNDays","LAST {{count}} DAYS","SIKU {{count}} ILIYOPITA"
"employeeDetail.inProgress","IN PROGRESS","INAENDELEA"
"multipleEmployer.limitReachedTitle","Limit Reached","Kikomo Kimefikiwa"
"multipleEmployer.limitReachedBody","You can add up to {{count}} employers only.","Unaweza kuongeza hadi waajiri {{count}} pekee."
"multipleEmployer.cannotRemoveTitle","Cannot Remove","Haiwezi Kuondoa"
"multipleEmployer.cannotRemoveBody","You must have at least one employer.","Lazima uwe na angalau mwajiri mmoja."
"multipleEmployer.primaryEmployerTitle","Primary Employer","Mwajiri wa Msingi"
"multipleEmployer.primaryEmployerBody","This is your primary employer. The first remaining employer will become your new primary employer.","Huyu ndiye mwajiri wako mkuu. Mwajiri wa kwanza aliyesalia atakuwa mwajiri wako mkuu mpya."
"multipleEmployer.remove","Remove","Ondoa"
"multipleEmployer.employmentInfo","Employment Information","Taarifa za Ajira"
"multipleEmployer.addEmployer","+ Add Employer","+ Ongeza Mwajiri"
"multipleEmployer.infoText","You can add up to {{count}} employers. Your primary employer will be used for main employment verification.","Unaweza kuongeza hadi {{count}} waajiri. Mwajiri wako mkuu atatumika kwa uthibitishaji mkuu wa ajira."
"multipleEmployer.employerN","Employer {{number}}","Mwajiri {{number}}"
"multipleEmployer.primary","PRIMARY","MSINGI"
"multipleEmployer.jobTitleNotSet","Job title not set","Jina la kazi halijawekwa"
"multipleEmployer.companyInfo","Company Information","Taarifa za Kampuni"
"multipleEmployer.companyName","Company Name *","Jina la Kampuni *"
"multipleEmployer.companyNamePlaceholder","Enter company name","Ingiza jina la kampuni"
"multipleEmployer.companyBrn","Company BRN *","Kampuni BRN *"
"multipleEmployer.companyBrnPlaceholder","e.g., C21123456","k.m., C21123456"
"multipleEmployer.jobTitle","Job Title *","Jina la Kazi *"
"multipleEmployer.jobTitlePlaceholder","Enter your job title","Weka jina lako la kazi"
"multipleEmployer.companyEmail","Company Email *","Barua pepe ya Kampuni *"
"multipleEmployer.companyEmailPlaceholder","hr@company.com","hr@company.com"
"multipleEmployer.companyPhone","Company Phone *","Simu ya Kampuni *"
"multipleEmployer.companyPhonePlaceholder","+230 XXX XXXX","+230 XXXXXX"
"multipleEmployer.companyAddress","Company Address *","Anwani ya Kampuni *"
"multipleEmployer.companyAddressPlaceholder","Company address","Anwani ya kampuni"
"multipleEmployer.setAsPrimary","Set as Primary Employer","Weka kama Mwajiri Mkuu"
"multipleEmployer.primaryBtn","Primary","Msingi"
"multipleEmployer.setPrimaryBtn","Set Primary","Weka Msingi"
"multipleEmployer.addFirstEmployer","Add Your First Employer","Ongeza Mwajiri wako wa Kwanza"
"expensesScreen.pageTitle","Expenses","Matumizi"
"expensesScreen.walletBalance","Wallet Balance","Salio la Wallet"
"expensesScreen.loadingFinancials","Loading Financials...","Inapakia Kifedha..."
"expensesScreen.errorLoadingData","Error Loading Data","Hitilafu katika Kupakia Data"
"expensesScreen.catStatus","Status","Hali"
"expensesScreen.catRent","Rent","Kodisha"
"expensesScreen.catPurchases","Purchases","Ununuzi"
"expensesScreen.catSubscriptions","Subscriptions","Usajili"
"expensesScreen.catLoans","Loans","Mikopo"
"expensesScreen.netSurplus","Net Surplus","Ziada Halisi"
"expensesScreen.breakEven","Break Even","Vunja Sawa"
"expensesScreen.netDeficit","Net Deficit","Nakisi halisi"
"expensesScreen.totalIncome","Total Income","Jumla ya Mapato"
"expensesScreen.totalExpenses","Total Expenses","Jumla ya Gharama"
"expensesScreen.health","Health","Afya"
"expensesScreen.activeSubscriptions","Active Subscriptions","Usajili Unaotumika"
"expensesScreen.totalDebt","Total Debt","Jumla ya Deni"
"expensesScreen.topCategory","Top Category","Aina ya Juu"
"expensesScreen.noSpend","No Spend","Hakuna Matumizi"
"expensesScreen.itemsLabel","{{count}} Items","Vipengee {{count}}"
"expensesScreen.sixMonthOverview","6-Month Overview","Muhtasari wa Miezi 6"
"expensesScreen.spendingTrend","Spending Trend","Mwenendo wa Matumizi"
"expensesScreen.breakdown","Breakdown","Uchanganuzi"
"expensesScreen.byCategory","By Category","Kwa Jamii"
"expensesScreen.healthTracking","Tracking Spending","Kufuatilia Matumizi"
"expensesScreen.healthPositive","Positive Flow","Mtiririko Chanya"
"expensesScreen.healthNeutral","Neutral Flow","Mtiririko wa Neutral"
"expensesScreen.healthExpense","Expense Focus","Kuzingatia Gharama"
"expensesScreen.piePurchases","Purchases","Ununuzi"
"expensesScreen.pieSubscriptions","Subscriptions","Usajili"
"expensesScreen.pieTransfers","Transfers","Uhamisho"
"expensesScreen.pieRepayments","Repayments","Malipo"
"expensesScreen.pieReceived","Received","Imepokelewa"
"expensesScreen.donutTotal","TOTAL","JUMLA"
"expensesScreen.noResults","No results found","Hakuna matokeo yaliyopatikana"
"expensesScreen.noResultsHint","Try searching for something else.","Jaribu kutafuta kitu kingine."
"expensesScreen.noEntriesYet","No {{category}} yet","Bado hakuna {{category}}"
"expensesScreen.noEntriesHint","Tap the button below to add your first entry!","Gusa kitufe kilicho hapa chini ili kuongeza ingizo lako la kwanza!"
"expensesScreen.searchPlaceholder","Search {{category}}...","Tafuta {{category}}..."
"expensesScreen.sortDate","Date","Tarehe"
"expensesScreen.sortAmount","Amount","Kiasi"
"expensesScreen.lowToHigh","Low to High","Chini hadi Juu"
"expensesScreen.highToLow","High to Low","Juu hadi Chini"
"expensesScreen.rentDefaultLabel","Rent payment","Malipo ya kodi"
"expensesScreen.dueDayLabel","Due day: {{day}}{{recurring}}","Siku ya kukamilisha: {{day}}T1__"
"expensesScreen.recurring","Recurring","Inarudiwa"
"expensesScreen.oneTime","One-time","Mara moja"
"expensesScreen.percentRepaid","{{percent}}% Repaid","{{percent}}% Imerejeshwa"
"expensesScreen.remainingPrefix","Rem: {{amount}}","Rem: {{amount}}"
"expensesScreen.itemsCount","{{count}} items","{{count}} vipengee"
"expensesScreen.paymentProgress","Payment Progress","Maendeleo ya Malipo"
"expensesScreen.totalRentExpense","TOTAL RENT EXPENSE","GHARAMA YA KUKODISHA"
"expensesScreen.addEntryButton","Add {{category}}","Ongeza {{category}}"
"expensesScreen.modalAddTitle","Add {{category}}","Ongeza {{category}}"
"expensesScreen.modalEditTitle","Edit {{category}}","Hariri {{category}}"
"expensesScreen.modalUpdateSubtitle","Update transaction details","Sasisha maelezo ya muamala"
"expensesScreen.modalCompleteSubtitle","Complete the form below","Jaza fomu iliyo hapa chini"
"expensesScreen.basicInformation","Basic Information","Taarifa za Msingi"
"expensesScreen.fieldDescription","Description","Maelezo"
"expensesScreen.fieldAmount","Amount ({{code}})","Kiasi ({{code}})"
"expensesScreen.fieldDate","Date","Tarehe"
"expensesScreen.fieldLandlordName","Landlord Name","Jina la Mwenye nyumba"
"expensesScreen.fieldPropertyAddress","Property Address","Anwani ya Mali"
"expensesScreen.fieldDueDay","Due Day (1-31)","Siku ya Malipo (1-31)"
"expensesScreen.fieldMerchant","Merchant","Mfanyabiashara"
"expensesScreen.fieldCategory","Category","Kitengo"
"expensesScreen.fieldLenderName","Lender Name","Jina la Mkopeshaji"
"expensesScreen.fieldDurationMonths","Duration (months)","Muda (miezi)"
"expensesScreen.fieldInterestRate","Interest Rate (%)","Kiwango cha riba (%)"
"expensesScreen.fieldPaymentFrequency","Payment Frequency","Mzunguko wa Malipo"
"expensesScreen.recurringLoan","Recurring Loan","Mkopo wa Mara kwa Mara"
"expensesScreen.placeholderDescRent","e.g. Monthly apartment rent","k.m. Kodi ya kila mwezi ya ghorofa"
"expensesScreen.placeholderDescSubs","e.g. Netflix monthly plan","k.m. Mpango wa kila mwezi wa Netflix"
"expensesScreen.placeholderDescLoan","e.g. Car Loan / School Fees Loan","k.m. Mkopo wa Gari / Ada ya Shule"
"expensesScreen.placeholderDescPurchase","e.g. Shopping, Rent","k.m. Ununuzi, Kukodisha"
"expensesScreen.placeholderLandlord","Landlord name","Jina la mwenye nyumba"
"expensesScreen.placeholderPropertyAddress","Property address","Anwani ya mali"
"expensesScreen.placeholderStore","Store","Hifadhi"
"expensesScreen.placeholderTagOrCustom","Select tag or type custom...","Chagua lebo au charaza maalum..."
"expensesScreen.placeholderBankOrPerson","Bank or person","Benki au mtu"
"expensesScreen.placeholderDateFormat","YYYY-MM-DD","YYYY-MM-DD"
"expensesScreen.placeholderAmountZero","0.00","0.00"
"expensesScreen.quickTemplates","Quick Templates","Violezo vya Haraka"
"expensesScreen.loanTemplates","Loan Templates","Violezo vya Mkopo"
"expensesScreen.tipServiceName","Tip: Use the service name so your history stays easy to scan.","Kidokezo: Tumia jina la huduma ili historia yako iwe rahisi kuchanganua."
"expensesScreen.tipPickTemplate","Tip: Pick a template and adjust details below.","Kidokezo: Chagua kiolezo na urekebishe maelezo hapa chini."
"expensesScreen.tagGroceries","Groceries","Vyakula"
"expensesScreen.tagTransport","Transport","Usafiri"
"expensesScreen.tagUtilities","Utilities","Huduma"
"expensesScreen.tagDining","Dining","Kula"
"expensesScreen.tagEntertainment","Entertainment","Burudani"
"expensesScreen.tagHealth","Health","Afya"
"expensesScreen.tagShopping","Shopping","Ununuzi"
"expensesScreen.tagTravel","Travel","Safari"
"expensesScreen.subTplNetflix","Netflix","Netflix"
"expensesScreen.subTplSpotify","Spotify","Spotify"
"expensesScreen.subTplAppleMusic","Apple Music","Muziki wa Apple"
"expensesScreen.subTplInternetBill","Internet Bill","Mswada wa Mtandao"
"expensesScreen.subTplGymMembership","Gym Membership","Uanachama wa Gym"
"expensesScreen.subTplCloudStorage","Cloud Storage","Hifadhi ya Wingu"
"expensesScreen.loanTplCarLoan","Car Loan","Mkopo wa gari"
"expensesScreen.loanTplBusinessLoan","Business Loan","Mkopo wa Biashara"
"expensesScreen.loanTplSchoolFeesLoan","School Fees Loan","Mkopo wa Ada za Shule"
"expensesScreen.loanTplEmergencyLoan","Emergency Loan","Mkopo wa Dharura"
"expensesScreen.loanTplMortgagePayment","Mortgage Payment","Malipo ya Rehani"
"expensesScreen.lenderBank","Bank","Benki"
"expensesScreen.lenderEmployer","Employer","Mwajiri"
"expensesScreen.lenderFamily","Family","Familia"
"expensesScreen.lenderCoop","Co-op","Ushirikiano"
"expensesScreen.lenderMicrofinance","Microfinance","Fedha ndogo"
"expensesScreen.freqWeekly","Weekly","Kila wiki"
"expensesScreen.freqBiweekly","Biweekly","Kila wiki"
"expensesScreen.freqMonthly","Monthly","Kila mwezi"
"expensesScreen.loanDetails","Loan Details","Maelezo ya Mkopo"
"expensesScreen.autofillScan","Auto-fill with Scan","Jaza kiotomatiki kwa Kuchanganua"
"expensesScreen.analyzingReceipt","Analyzing Receipt...","Inachanganua Risiti..."
"expensesScreen.autoCalculatedFromItems","Auto-calculated from itemized lines.","Imekokotwa kiotomatiki kutoka kwa mistari maalum."
"expensesScreen.itemizedList","Itemized List","Orodha Iliyowekwa"
"expensesScreen.itemizedListSubtitle","Break down your receipt items","Changanua vitu vyako vya risiti"
"expensesScreen.hide","Hide","Ficha"
"expensesScreen.addItems","Add Items","Ongeza Vipengee"
"expensesScreen.addAnotherItem","Add Another Item","Ongeza Kipengee Nyingine"
"expensesScreen.runningTotal","Running Total","Jumla ya Kukimbia"
"expensesScreen.itemsIndexed","{{count}} Items Indexed","{{count}} Vipengee Vilivyoorodheshwa"
"expensesScreen.whatDidYouBuy","What did you buy?","Ulinunua nini?"
"expensesScreen.logRepayment","Log Repayment","Ulipaji wa logi"
"expensesScreen.forLabel","For: {{name}}","Kwa: {{name}}"
"expensesScreen.repaymentAmount","Repayment Amount ({{code}})","Kiasi cha Marejesho ({{code}})"
"expensesScreen.paymentDate","Payment Date","Tarehe ya Malipo"
"expensesScreen.loanDetail","Loan Detail","Maelezo ya Mkopo"
"expensesScreen.totalLoan","TOTAL LOAN","JUMLA YA MKOPO"
"expensesScreen.remaining","REMAINING","ILIYOBAKI"
"expensesScreen.status","STATUS","HALI"
"expensesScreen.statusActive","Active","Inayotumika"
"expensesScreen.progress","PROGRESS","MAENDELEO"
"expensesScreen.percentPaid","{{percent}}% Paid","{{percent}}% Imelipwa"
"expensesScreen.repaymentHistory","Repayment History","Historia ya Urejeshaji"
"expensesScreen.paymentsCount","{{count}} Payments","{{count}} Malipo"
"expensesScreen.fetchingHistory","Fetching history...","Inaleta historia..."
"expensesScreen.noRepaymentsLog","No repayments log yet","Bado hakuna kumbukumbu ya malipo"
"expensesScreen.repaymentNumber","Repayment #{{number}}","Malipo #{{number}}"
"expensesScreen.newRepayment","New Repayment","Ulipaji Mpya"
"expensesScreen.save","Save","Hifadhi"
"expensesScreen.cancel","Cancel","Ghairi"
"expensesScreen.permissionRequiredTitle","Permission Required","Ruhusa Inahitajika"
"expensesScreen.permissionMediaBody","Permission to access camera roll is required!","Ruhusa ya kufikia orodha ya kamera inahitajika!"
"expensesScreen.permissionCameraBody","Permission to access camera is required!","Ruhusa ya kufikia kamera inahitajika!"
"expensesScreen.scanReceiptTitle","Scan Receipt","Changanua Risiti"
"expensesScreen.chooseOption","Choose an option","Chagua chaguo"
"expensesScreen.takePhoto","Take Photo","Piga Picha"
"expensesScreen.chooseGallery","Choose from Gallery","Chagua kutoka kwenye Matunzio"
"expensesScreen.scanFailedTitle","Scanning Failed","Imeshindwa kuchanganua"
"expensesScreen.successTitle","Success","Mafanikio"
"expensesScreen.errorTitle","Error","Hitilafu"
"expensesScreen.receiptScanned","Receipt scanned! Details updated.","Risiti imechanganuliwa! Maelezo yamesasishwa."
"expensesScreen.failedToPickImage","Failed to pick image","Imeshindwa kuchagua picha"
"expensesScreen.failedToScanReceipt","Failed to scan receipt","Imeshindwa kuchanganua risiti"
"expensesScreen.confirmDeletionTitle","Confirm Deletion","Thibitisha Ufutaji"
"expensesScreen.confirmDeletionBody","Are you sure you want to delete this {{category}}? This action cannot be undone.","Je, una uhakika unataka kufuta {{category}} hii? Kitendo hiki hakiwezi kutenduliwa."
"expensesScreen.deleteAction","Delete","Futa"
"expensesScreen.entryAddedSuccess","Entry added successfully.","Ingizo limeongezwa."
"expensesScreen.entryUpdatedSuccess","Entry updated successfully.","Ingizo limesasishwa."
"expensesScreen.paymentLoggedSuccess","Payment logged successfully.","Malipo yameingia."
"expensesScreen.entryDeletedSuccess","Entry deleted successfully.","Ingizo limefutwa."
"expensesScreen.invalidCategoryDeletion","Invalid category for deletion.","Kategoria batili ya kufutwa."
"expensesScreen.failedToFetch","Failed to fetch financial data.","Imeshindwa kuleta data ya fedha."
"expensesScreen.failedAdd","Failed to add entry.","Imeshindwa kuongeza ingizo."
"expensesScreen.failedUpdate","Failed to update entry.","Imeshindwa kusasisha ingizo."
"expensesScreen.failedLogPayment","Failed to log payment.","Imeshindwa kuweka malipo."
"expensesScreen.failedDelete","Failed to delete entry.","Imeshindwa kufuta ingizo."
"expensesScreen.validationAmountRequired","Amount is required","Kiasi kinahitajika"
"expensesScreen.validationAmountValid","Please enter a valid positive amount.","Tafadhali weka kiasi chanya halali."
"expensesScreen.validationDateRequired","Date is required","Tarehe inahitajika"
"expensesScreen.validationDateFormat","Please use YYYY-MM-DD format.","Tafadhali tumia umbizo la YYYY-MM-DD."
"expensesScreen.validationDescRequired","Description is required.","Maelezo inahitajika."
"calculatorScreen.pageEyebrow","Salary Estimator","Mkadiriaji wa Mishahara"
"calculatorScreen.pageTitle","Calculator","Kikokotoo"
"calculatorScreen.badgeIndustryRates","Industry rates","Viwango vya sekta"
"calculatorScreen.badgeClockInData","Clock-in data","Data ya saa"
"calculatorScreen.badgeRealtime","Real-time","Wakati halisi"
"calculatorScreen.loadingData","Loading calculator data...","Inapakia data ya kikokotoo..."
"calculatorScreen.monthlyRsLabel","Monthly: {{symbol}} {{amount}}","Kila mwezi: {{symbol}} {{amount}}"
"calculatorScreen.dailyRsLabel","Daily: {{symbol}} {{amount}}","Kila siku: {{symbol}} {{amount}}"
"calculatorScreen.cancel","Cancel","Ghairi"
"calculatorScreen.done","Done","Imekamilika"
"calculatorScreen.estimateUpdatedTitle","Estimate updated","Kadirio limesasishwa"
"calculatorScreen.estimateUpdatedBody","Estimate updated to {{symbol}} {{amount}} based on {{daysLabel}}. Press Calculate to apply.","Kadirio limesasishwa hadi {{symbol}} {{amount}} kulingana na {{daysLabel}}. Bonyeza Kokotoa ili kuomba."
"calculatorScreen.noProfileSalaryTitle","No profile salary","Hakuna mshahara wa wasifu"
"calculatorScreen.noProfileSalaryBody","Please ensure your profile has a valid salary amount to use Clock-In calculator.","Tafadhali hakikisha wasifu wako una kiasi halali cha mshahara cha kutumia kikokotoo cha Saa-Katika."
"calculatorScreen.invalidHourlyRateTitle","Invalid Hourly Rate","Kiwango Batili cha Kila Saa"
"calculatorScreen.invalidHourlyRateBody","Unable to calculate hourly rate from profile salary ({{symbol}} {{amount}}). Please check your profile settings.","Haiwezi kukokotoa kiwango cha saa kutoka kwa mshahara wa wasifu ({{symbol}} {{amount}}). Tafadhali angalia mipangilio ya wasifu wako."
"calculatorScreen.noClockInsTitle","No Clock-Ins Found","Hakuna Saa-Ins zilizopatikana"
"calculatorScreen.noClockInsBodyRange","No clock-ins found in range {{start}} - {{end}}. Try 'Custom Range' to select specific dates.","Hakuna saa zinazopatikana katika safu {{start}} - {{end}}. Jaribu 'Safu Maalum' ili kuchagua tarehe mahususi."
"calculatorScreen.noClockInsBodyEmpty","No clock-in records available. Please ensure you have recorded time entries.","Hakuna rekodi za saa zinazopatikana. Tafadhali hakikisha kuwa umerekodi maingizo ya saa."
"calculatorScreen.calculationErrorTitle","Calculation Error","Hitilafu ya Kuhesabu"
"calculatorScreen.calculationErrorBody","Unable to calculate from clock-ins. Please ensure your profile is complete.","Haiwezi kukokotoa kutoka kwa saa kuingia. Tafadhali hakikisha wasifu wako umekamilika."
"calculatorScreen.automaticCalculationUpdated","Automatic calculation updated!","Hesabu otomatiki imesasishwa!"
"calculatorScreen.validationPaymentFrequencyRequired","Payment frequency is required","Mzunguko wa malipo unahitajika"
"calculatorScreen.validationPositiveNumber","Enter a valid positive number","Weka nambari chanya halali"
"calculatorScreen.validationServiceYears","Enter years of service as ""<1"", ""X+"" or an integer between 1 and 50","Weka miaka ya huduma kama ""<1"", ""X+"" au nambari kamili kati ya 1 na 50"
"calculatorScreen.validationEndBeforeStart","End date cannot be before start date.","Tarehe ya mwisho haiwezi kuwa kabla ya tarehe ya kuanza."
"sponsored.from","From {{name}}","Kutoka {{name}}"
"sponsored.fromKontokaz","From Kiruko","Kutoka Kiruko"
"sponsored.sponsoredPill","SPONSORED","IMEDHAMINIWA"
"sponsored.announcementPill","ANNOUNCEMENT","TANGAZO"
"sponsored.promotedPill","PROMOTED","IMETANGAZWA"
"sponsored.dismiss","Dismiss","Ondoa"
"sponsored.imageA11y","Sponsored content image","Picha ya maudhui yanayofadhiliwa"
"sponsored.consentTitle","Personalised ads","Matangazo ya kibinafsi"
"sponsored.consentBody","Kiruko can show sponsored cards from partner companies on your home screen. Accepting helps fund the app for your employer. You can change this anytime from Settings.","Kiruko inaweza kuonyesha kadi zinazofadhiliwa kutoka kwa makampuni washirika kwenye skrini yako ya kwanza. Kukubali husaidia kufadhili programu kwa mwajiri wako. Unaweza kubadilisha hii wakati wowote kutoka kwa Mipangilio."
"sponsored.consentAccept","Allow ads","Ruhusu matangazo"
"sponsored.consentDecline","No thanks","Hapana asante"
"sponsored.consentLearnMore","How we use your data","Jinsi tunavyotumia data yako"
"sponsored.adPreferencesTitle","Ad preferences","Mapendeleo ya matangazo"
"sponsored.adPreferencesSubtitle","Control whether you see sponsored cards on the home screen.","Dhibiti ikiwa unaona kadi zinazofadhiliwa kwenye skrini ya kwanza."
"sponsored.adPreferencesRow","Personalised ads","Matangazo ya kibinafsi"
"sponsored.adPreferencesEnabled","Ads are on","Matangazo yamewashwa"
"sponsored.adPreferencesDisabled","Ads are off","Matangazo yamezimwa"
"sponsored.adPreferencesWithdraw","Turning this off withdraws consent and stops ad serving immediately.","Kuzima hii huondoa kibali na husimamisha matangazo mara moja."
"notificationPrefs.title","Notifications","Arifa"
"notificationPrefs.subtitle","Choose which alerts you get in-app and as push notifications. Changes apply to future notifications.","Chagua arifa unazopata ndani ya programu na kama arifa zinazotumwa na programu hata wakati huitumii. Mabadiliko yatatumika kwa arifa za siku zijazo."
"notificationPrefs.category","Category","Kitengo"
"notificationPrefs.inApp","In-app","Ndani ya programu"
"notificationPrefs.push","Push","Sukuma"
"notificationPrefs.leave","Leave","Ondoka"
"notificationPrefs.overtime","Overtime","Saa za Ziada"
"notificationPrefs.attendance","Attendance","Mahudhurio"
"notificationPrefs.compliance","Compliance","Kuzingatia"
"notificationPrefs.disputes","Disputes","Migogoro"
"notificationPrefs.general","General","Mkuu"
"notificationPrefs.settingsRow","Notification Alerts","Arifa za Arifa"
"notificationPrefs.settingsRowSubtitle","Choose which alerts you get & how","Chagua arifa unazopata na jinsi gani"